# Blender 4.4.3
# www.blender.org
mtllib Untitled.mtl
o Text
v 3.869230 0.190000 -0.019639
v 3.860338 0.190000 -0.014032
v 3.852204 0.190000 -0.009141
v 3.844704 0.190000 -0.004926
v 3.837719 0.190000 -0.001350
v 3.831125 0.190000 0.001625
v 3.824803 0.190000 0.004038
v 3.818630 0.190000 0.005926
v 3.812485 0.190000 0.007328
v 3.806246 0.190000 0.008282
v 3.799792 0.190000 0.008827
v 3.793000 0.190000 0.009000
v 3.783623 0.190000 0.008706
v 3.774977 0.190000 0.007815
v 3.767047 0.190000 0.006313
v 3.759815 0.190000 0.004185
v 3.753264 0.190000 0.001419
v 3.747376 0.190000 -0.002000
v 3.742133 0.190000 -0.006086
v 3.737519 0.190000 -0.010852
v 3.733516 0.190000 -0.016312
v 3.730107 0.190000 -0.022481
v 3.727274 0.190000 -0.029373
v 3.725000 0.190000 -0.037000
v 3.715210 0.190000 -0.029583
v 3.705343 0.190000 -0.022829
v 3.695406 0.190000 -0.016734
v 3.685408 0.190000 -0.011296
v 3.675353 0.190000 -0.006511
v 3.665250 0.190000 -0.002375
v 3.655106 0.190000 0.001115
v 3.644926 0.190000 0.003963
v 3.634719 0.190000 0.006172
v 3.624491 0.190000 0.007745
v 3.614249 0.190000 0.008687
v 3.604000 0.190000 0.009000
v 3.587971 0.190000 0.007943
v 3.572935 0.190000 0.004880
v 3.558969 0.190000 -0.000031
v 3.546149 0.190000 -0.006630
v 3.534550 0.190000 -0.014756
v 3.524251 0.190000 -0.024250
v 3.515326 0.190000 -0.034953
v 3.507852 0.190000 -0.046704
v 3.501907 0.190000 -0.059344
v 3.497565 0.190000 -0.072713
v 3.494904 0.190000 -0.086652
v 3.494000 0.190000 -0.101000
v 3.495636 0.190000 -0.121994
v 3.500334 0.190000 -0.140616
v 3.507782 0.190000 -0.157078
v 3.517667 0.190000 -0.171593
v 3.529677 0.190000 -0.184371
v 3.543500 0.190000 -0.195625
v 3.558823 0.190000 -0.205567
v 3.575334 0.190000 -0.214407
v 3.592719 0.190000 -0.222359
v 3.610667 0.190000 -0.229634
v 3.628865 0.190000 -0.236444
v 3.647000 0.190000 -0.243000
v 3.726000 0.190000 -0.271000
v 3.726000 0.190000 -0.295000
v 3.725438 0.190000 -0.308318
v 3.723750 0.190000 -0.320296
v 3.720938 0.190000 -0.330969
v 3.717000 0.190000 -0.340370
v 3.711938 0.190000 -0.348536
v 3.705750 0.190000 -0.355500
v 3.698438 0.190000 -0.361297
v 3.690001 0.190000 -0.365963
v 3.680438 0.190000 -0.369531
v 3.669750 0.190000 -0.372037
v 3.657938 0.190000 -0.373515
v 3.645000 0.190000 -0.374000
v 3.632734 0.190000 -0.373518
v 3.620454 0.190000 -0.372060
v 3.608188 0.190000 -0.369609
v 3.595963 0.190000 -0.366148
v 3.583808 0.190000 -0.361659
v 3.571750 0.190000 -0.356125
v 3.559818 0.190000 -0.349528
v 3.548038 0.190000 -0.341852
v 3.536438 0.190000 -0.333078
v 3.525047 0.190000 -0.323190
v 3.513892 0.190000 -0.312170
v 3.503000 0.190000 -0.300000
v 3.503000 0.190000 -0.397000
v 3.512043 0.190000 -0.406813
v 3.521677 0.190000 -0.415755
v 3.531907 0.190000 -0.423828
v 3.542741 0.190000 -0.431037
v 3.554187 0.190000 -0.437385
v 3.566251 0.190000 -0.442875
v 3.578939 0.190000 -0.447511
v 3.592260 0.190000 -0.451296
v 3.606219 0.190000 -0.454234
v 3.620825 0.190000 -0.456329
v 3.636083 0.190000 -0.457583
v 3.652000 0.190000 -0.458000
v 3.674324 0.190000 -0.457036
v 3.695672 0.190000 -0.454120
v 3.715860 0.190000 -0.449219
v 3.734704 0.190000 -0.442296
v 3.752021 0.190000 -0.433318
v 3.767626 0.190000 -0.422250
v 3.781334 0.190000 -0.409057
v 3.792964 0.190000 -0.393704
v 3.802329 0.190000 -0.376156
v 3.809246 0.190000 -0.356380
v 3.813531 0.190000 -0.334339
v 3.815001 0.190000 -0.310000
v 3.815001 0.190000 -0.079000
v 3.815125 0.190000 -0.074976
v 3.815496 0.190000 -0.071394
v 3.816110 0.190000 -0.068234
v 3.816964 0.190000 -0.065481
v 3.818053 0.190000 -0.063117
v 3.819376 0.190000 -0.061125
v 3.820927 0.190000 -0.059487
v 3.822704 0.190000 -0.058185
v 3.824703 0.190000 -0.057203
v 3.826922 0.190000 -0.056523
v 3.829355 0.190000 -0.056128
v 3.832000 0.190000 -0.056000
v 3.834434 0.190000 -0.056186
v 3.837218 0.190000 -0.056736
v 3.840328 0.190000 -0.057641
v 3.843741 0.190000 -0.058889
v 3.847432 0.190000 -0.060470
v 3.851376 0.190000 -0.062375
v 3.855549 0.190000 -0.064592
v 3.859926 0.190000 -0.067111
v 3.864485 0.190000 -0.069922
v 3.869200 0.190000 -0.073014
v 3.874046 0.190000 -0.076377
v 3.879000 0.190000 -0.080000
v 3.879000 0.190000 -0.026000
v 3.707241 0.190000 -0.215484
v 3.689093 0.190000 -0.208875
v 3.671751 0.190000 -0.202078
v 3.655408 0.190000 -0.195000
v 3.640260 0.190000 -0.187547
v 3.626500 0.190000 -0.179625
v 3.614324 0.190000 -0.171141
v 3.603926 0.190000 -0.162000
v 3.595500 0.190000 -0.152109
v 3.589241 0.190000 -0.141375
v 3.585343 0.190000 -0.129703
v 3.584000 0.190000 -0.117000
v 3.584553 0.190000 -0.107988
v 3.586172 0.190000 -0.099486
v 3.588798 0.190000 -0.091547
v 3.592371 0.190000 -0.084222
v 3.596833 0.190000 -0.077564
v 3.602126 0.190000 -0.071625
v 3.608189 0.190000 -0.066457
v 3.614964 0.190000 -0.062111
v 3.622391 0.190000 -0.058641
v 3.630413 0.190000 -0.056097
v 3.638969 0.190000 -0.054533
v 3.648000 0.190000 -0.054000
v 3.654958 0.190000 -0.054289
v 3.661834 0.190000 -0.055144
v 3.668625 0.190000 -0.056547
v 3.675333 0.190000 -0.058481
v 3.681958 0.190000 -0.060930
v 3.688500 0.190000 -0.063875
v 3.694958 0.190000 -0.067299
v 3.701334 0.190000 -0.071185
v 3.707625 0.190000 -0.075516
v 3.713834 0.190000 -0.080273
v 3.719959 0.190000 -0.085440
v 3.726000 0.190000 -0.091000
v 3.726000 0.190000 -0.222000
v 3.230000 0.190000 -0.346000
v 3.232000 0.190000 -0.346000
v 3.243210 0.190000 -0.364799
v 3.254339 0.190000 -0.381727
v 3.265391 0.190000 -0.396828
v 3.276371 0.190000 -0.410148
v 3.287281 0.190000 -0.421732
v 3.298125 0.190000 -0.431625
v 3.308907 0.190000 -0.439872
v 3.319630 0.190000 -0.446519
v 3.330297 0.190000 -0.451609
v 3.340912 0.190000 -0.455190
v 3.351479 0.190000 -0.457305
v 3.362000 0.190000 -0.458000
v 3.370962 0.190000 -0.457645
v 3.379857 0.190000 -0.456579
v 3.388704 0.190000 -0.454797
v 3.397519 0.190000 -0.452296
v 3.406321 0.190000 -0.449074
v 3.415126 0.190000 -0.445125
v 3.423951 0.190000 -0.440447
v 3.432815 0.190000 -0.435037
v 3.441735 0.190000 -0.428891
v 3.450727 0.190000 -0.422005
v 3.459810 0.190000 -0.414376
v 3.469000 0.190000 -0.406000
v 3.422000 0.190000 -0.329000
v 3.415096 0.190000 -0.335328
v 3.407935 0.190000 -0.341287
v 3.400594 0.190000 -0.346844
v 3.393148 0.190000 -0.351963
v 3.385675 0.190000 -0.356610
v 3.378250 0.190000 -0.360750
v 3.370950 0.190000 -0.364348
v 3.363852 0.190000 -0.367370
v 3.357031 0.190000 -0.369781
v 3.350565 0.190000 -0.371546
v 3.344529 0.190000 -0.372631
v 3.339000 0.190000 -0.373000
v 3.324041 0.190000 -0.371755
v 3.309746 0.190000 -0.368125
v 3.296235 0.190000 -0.362266
v 3.283630 0.190000 -0.354333
v 3.272053 0.190000 -0.344484
v 3.261625 0.190000 -0.332875
v 3.252468 0.190000 -0.319661
v 3.244704 0.190000 -0.305000
v 3.238453 0.190000 -0.289047
v 3.233838 0.190000 -0.271958
v 3.230980 0.190000 -0.253891
v 3.230000 0.190000 -0.235000
v 3.230000 0.190000 0.000000
v 3.141000 0.190000 0.000000
v 3.141000 0.190000 -0.449000
v 3.230000 0.190000 -0.449000
v 3.046230 0.190000 -0.019639
v 3.037338 0.190000 -0.014032
v 3.029203 0.190000 -0.009141
v 3.021704 0.190000 -0.004926
v 3.014719 0.190000 -0.001350
v 3.008125 0.190000 0.001625
v 3.001803 0.190000 0.004038
v 2.995630 0.190000 0.005926
v 2.989485 0.190000 0.007328
v 2.983246 0.190000 0.008282
v 2.976791 0.190000 0.008827
v 2.970000 0.190000 0.009000
v 2.960623 0.190000 0.008706
v 2.951977 0.190000 0.007815
v 2.944047 0.190000 0.006313
v 2.936815 0.190000 0.004185
v 2.930264 0.190000 0.001419
v 2.924376 0.190000 -0.002000
v 2.919133 0.190000 -0.006086
v 2.914519 0.190000 -0.010852
v 2.910516 0.190000 -0.016312
v 2.907107 0.190000 -0.022481
v 2.904274 0.190000 -0.029373
v 2.902000 0.190000 -0.037000
v 2.892210 0.190000 -0.029583
v 2.882343 0.190000 -0.022829
v 2.872406 0.190000 -0.016734
v 2.862407 0.190000 -0.011296
v 2.852353 0.190000 -0.006511
v 2.842250 0.190000 -0.002375
v 2.832105 0.190000 0.001115
v 2.821926 0.190000 0.003963
v 2.811719 0.190000 0.006172
v 2.801491 0.190000 0.007745
v 2.791249 0.190000 0.008687
v 2.781000 0.190000 0.009000
v 2.764971 0.190000 0.007943
v 2.749935 0.190000 0.004880
v 2.735969 0.190000 -0.000031
v 2.723148 0.190000 -0.006630
v 2.711550 0.190000 -0.014756
v 2.701250 0.190000 -0.024250
v 2.692326 0.190000 -0.034953
v 2.684852 0.190000 -0.046704
v 2.678906 0.190000 -0.059344
v 2.674565 0.190000 -0.072713
v 2.671904 0.190000 -0.086652
v 2.671000 0.190000 -0.101000
v 2.672636 0.190000 -0.121994
v 2.677334 0.190000 -0.140616
v 2.684782 0.190000 -0.157078
v 2.694667 0.190000 -0.171593
v 2.706677 0.190000 -0.184371
v 2.720500 0.190000 -0.195625
v 2.735823 0.190000 -0.205567
v 2.752334 0.190000 -0.214407
v 2.769719 0.190000 -0.222359
v 2.787667 0.190000 -0.229634
v 2.805865 0.190000 -0.236444
v 2.824000 0.190000 -0.243000
v 2.903000 0.190000 -0.271000
v 2.903000 0.190000 -0.295000
v 2.902438 0.190000 -0.308318
v 2.900750 0.190000 -0.320296
v 2.897938 0.190000 -0.330969
v 2.894000 0.190000 -0.340370
v 2.888938 0.190000 -0.348536
v 2.882750 0.190000 -0.355500
v 2.875438 0.190000 -0.361297
v 2.867000 0.190000 -0.365963
v 2.857438 0.190000 -0.369531
v 2.846750 0.190000 -0.372037
v 2.834938 0.190000 -0.373515
v 2.822000 0.190000 -0.374000
v 2.809734 0.190000 -0.373518
v 2.797454 0.190000 -0.372060
v 2.785187 0.190000 -0.369609
v 2.772963 0.190000 -0.366148
v 2.760808 0.190000 -0.361659
v 2.748750 0.190000 -0.356125
v 2.736817 0.190000 -0.349528
v 2.725037 0.190000 -0.341852
v 2.713438 0.190000 -0.333078
v 2.702047 0.190000 -0.323190
v 2.690892 0.190000 -0.312170
v 2.680000 0.190000 -0.300000
v 2.680000 0.190000 -0.397000
v 2.689043 0.190000 -0.406813
v 2.698676 0.190000 -0.415755
v 2.708907 0.190000 -0.423828
v 2.719741 0.190000 -0.431037
v 2.731187 0.190000 -0.437385
v 2.743250 0.190000 -0.442875
v 2.755939 0.190000 -0.447511
v 2.769260 0.190000 -0.451296
v 2.783219 0.190000 -0.454234
v 2.797824 0.190000 -0.456329
v 2.813082 0.190000 -0.457583
v 2.829000 0.190000 -0.458000
v 2.851324 0.190000 -0.457036
v 2.872671 0.190000 -0.454120
v 2.892859 0.190000 -0.449219
v 2.911704 0.190000 -0.442296
v 2.929020 0.190000 -0.433318
v 2.944625 0.190000 -0.422250
v 2.958334 0.190000 -0.409057
v 2.969963 0.190000 -0.393704
v 2.979328 0.190000 -0.376156
v 2.986245 0.190000 -0.356380
v 2.990531 0.190000 -0.334339
v 2.992000 0.190000 -0.310000
v 2.992000 0.190000 -0.079000
v 2.992125 0.190000 -0.074976
v 2.992496 0.190000 -0.071394
v 2.993109 0.190000 -0.068234
v 2.993963 0.190000 -0.065481
v 2.995053 0.190000 -0.063117
v 2.996375 0.190000 -0.061125
v 2.997927 0.190000 -0.059487
v 2.999704 0.190000 -0.058185
v 3.001703 0.190000 -0.057203
v 3.003922 0.190000 -0.056523
v 3.006355 0.190000 -0.056128
v 3.009000 0.190000 -0.056000
v 3.011434 0.190000 -0.056186
v 3.014218 0.190000 -0.056736
v 3.017328 0.190000 -0.057641
v 3.020741 0.190000 -0.058889
v 3.024431 0.190000 -0.060470
v 3.028375 0.190000 -0.062375
v 3.032548 0.190000 -0.064592
v 3.036926 0.190000 -0.067111
v 3.041485 0.190000 -0.069922
v 3.046199 0.190000 -0.073014
v 3.051046 0.190000 -0.076377
v 3.056000 0.190000 -0.080000
v 3.056000 0.190000 -0.026000
v 2.884241 0.190000 -0.215484
v 2.866093 0.190000 -0.208875
v 2.848750 0.190000 -0.202078
v 2.832408 0.190000 -0.195000
v 2.817260 0.190000 -0.187547
v 2.803500 0.190000 -0.179625
v 2.791324 0.190000 -0.171141
v 2.780926 0.190000 -0.162000
v 2.772500 0.190000 -0.152109
v 2.766241 0.190000 -0.141375
v 2.762343 0.190000 -0.129703
v 2.761000 0.190000 -0.117000
v 2.761553 0.190000 -0.107988
v 2.763172 0.190000 -0.099486
v 2.765797 0.190000 -0.091547
v 2.769371 0.190000 -0.084222
v 2.773833 0.190000 -0.077564
v 2.779125 0.190000 -0.071625
v 2.785188 0.190000 -0.066457
v 2.791963 0.190000 -0.062111
v 2.799391 0.190000 -0.058641
v 2.807412 0.190000 -0.056097
v 2.815969 0.190000 -0.054533
v 2.825000 0.190000 -0.054000
v 2.831959 0.190000 -0.054289
v 2.838834 0.190000 -0.055144
v 2.845625 0.190000 -0.056547
v 2.852334 0.190000 -0.058481
v 2.858958 0.190000 -0.060930
v 2.865500 0.190000 -0.063875
v 2.871958 0.190000 -0.067299
v 2.878334 0.190000 -0.071185
v 2.884625 0.190000 -0.075516
v 2.890834 0.190000 -0.080273
v 2.896959 0.190000 -0.085440
v 2.903000 0.190000 -0.091000
v 2.903000 0.190000 -0.222000
v 2.621000 0.190000 -0.449000
v 2.621000 0.190000 -0.369000
v 2.479000 0.190000 -0.369000
v 2.479000 0.190000 -0.139000
v 2.479763 0.190000 -0.126528
v 2.481936 0.190000 -0.115560
v 2.485344 0.190000 -0.106016
v 2.489815 0.190000 -0.097815
v 2.495175 0.190000 -0.090878
v 2.501250 0.190000 -0.085125
v 2.507867 0.190000 -0.080476
v 2.514852 0.190000 -0.076852
v 2.522032 0.190000 -0.074172
v 2.529232 0.190000 -0.072356
v 2.536279 0.190000 -0.071326
v 2.543000 0.190000 -0.071000
v 2.551022 0.190000 -0.071229
v 2.559093 0.190000 -0.071917
v 2.567219 0.190000 -0.073063
v 2.575408 0.190000 -0.074667
v 2.583666 0.190000 -0.076729
v 2.592000 0.190000 -0.079250
v 2.600418 0.190000 -0.082229
v 2.608927 0.190000 -0.085667
v 2.617532 0.190000 -0.089563
v 2.626241 0.190000 -0.093917
v 2.635062 0.190000 -0.098729
v 2.644000 0.190000 -0.104000
v 2.644000 0.190000 -0.021000
v 2.635917 0.190000 -0.016839
v 2.627250 0.190000 -0.012875
v 2.618125 0.190000 -0.009141
v 2.608667 0.190000 -0.005667
v 2.599000 0.190000 -0.002484
v 2.589251 0.190000 0.000375
v 2.579542 0.190000 0.002880
v 2.570000 0.190000 0.005000
v 2.560750 0.190000 0.006703
v 2.551917 0.190000 0.007958
v 2.543625 0.190000 0.008734
v 2.536000 0.190000 0.009000
v 2.512751 0.190000 0.007773
v 2.491505 0.190000 0.004181
v 2.472266 0.190000 -0.001641
v 2.455037 0.190000 -0.009556
v 2.439823 0.190000 -0.019429
v 2.426625 0.190000 -0.031125
v 2.415449 0.190000 -0.044509
v 2.406296 0.190000 -0.059444
v 2.399172 0.190000 -0.075797
v 2.394079 0.190000 -0.093431
v 2.391021 0.190000 -0.112210
v 2.390000 0.190000 -0.132000
v 2.390000 0.190000 -0.369000
v 2.312000 0.190000 -0.369000
v 2.312000 0.190000 -0.379000
v 2.479000 0.190000 -0.542000
v 2.479000 0.190000 -0.449000
v 2.257586 0.190000 -0.035395
v 2.244269 0.190000 -0.027574
v 2.230938 0.190000 -0.020531
v 2.217482 0.190000 -0.014259
v 2.203790 0.190000 -0.008751
v 2.189750 0.190000 -0.004000
v 2.175253 0.190000 0.000001
v 2.160186 0.190000 0.003259
v 2.144438 0.190000 0.005781
v 2.127898 0.190000 0.007574
v 2.110456 0.190000 0.008645
v 2.092000 0.190000 0.009000
v 2.058301 0.190000 0.006665
v 2.027241 0.190000 -0.000093
v 1.998875 0.190000 -0.010906
v 1.973260 0.190000 -0.025407
v 1.950449 0.190000 -0.043228
v 1.930500 0.190000 -0.064000
v 1.913468 0.190000 -0.087355
v 1.899408 0.190000 -0.112926
v 1.888375 0.190000 -0.140344
v 1.880426 0.190000 -0.169241
v 1.875616 0.190000 -0.199249
v 1.874000 0.190000 -0.230000
v 1.875764 0.190000 -0.263056
v 1.880945 0.190000 -0.294111
v 1.889375 0.190000 -0.323000
v 1.900889 0.190000 -0.349556
v 1.915320 0.190000 -0.373611
v 1.932500 0.190000 -0.395000
v 1.952264 0.190000 -0.413556
v 1.974445 0.190000 -0.429111
v 1.998875 0.190000 -0.441500
v 2.025389 0.190000 -0.450556
v 2.053820 0.190000 -0.456111
v 2.084000 0.190000 -0.458000
v 2.112835 0.190000 -0.456310
v 2.139764 0.190000 -0.451232
v 2.164672 0.190000 -0.442750
v 2.187445 0.190000 -0.430852
v 2.207967 0.190000 -0.415523
v 2.226125 0.190000 -0.396750
v 2.241804 0.190000 -0.374519
v 2.254889 0.190000 -0.348815
v 2.265266 0.190000 -0.319625
v 2.272820 0.190000 -0.286935
v 2.277436 0.190000 -0.250731
v 2.279000 0.190000 -0.211000
v 1.963000 0.190000 -0.211000
v 1.967270 0.190000 -0.189648
v 1.973074 0.190000 -0.170097
v 1.980406 0.190000 -0.152359
v 1.989259 0.190000 -0.136444
v 1.999626 0.190000 -0.122363
v 2.011500 0.190000 -0.110125
v 2.024874 0.190000 -0.099741
v 2.039741 0.190000 -0.091222
v 2.056094 0.190000 -0.084578
v 2.073926 0.190000 -0.079819
v 2.093230 0.190000 -0.076957
v 2.114000 0.190000 -0.076000
v 2.127440 0.190000 -0.076413
v 2.140769 0.190000 -0.077639
v 2.154000 0.190000 -0.079656
v 2.167148 0.190000 -0.082444
v 2.180227 0.190000 -0.085983
v 2.193250 0.190000 -0.090250
v 2.206232 0.190000 -0.095226
v 2.219185 0.190000 -0.100889
v 2.232125 0.190000 -0.107219
v 2.245065 0.190000 -0.114194
v 2.258019 0.190000 -0.121795
v 2.271000 0.190000 -0.130000
v 2.271000 0.190000 -0.044000
v 2.189507 0.190000 -0.286469
v 2.186556 0.190000 -0.301833
v 2.182188 0.190000 -0.316031
v 2.176445 0.190000 -0.329000
v 2.169368 0.190000 -0.340677
v 2.161000 0.190000 -0.351000
v 2.151382 0.190000 -0.359906
v 2.140556 0.190000 -0.367333
v 2.128563 0.190000 -0.373219
v 2.115445 0.190000 -0.377500
v 2.101243 0.190000 -0.380115
v 2.086000 0.190000 -0.381000
v 2.069563 0.190000 -0.380172
v 2.054259 0.190000 -0.377708
v 2.040094 0.190000 -0.373641
v 2.027074 0.190000 -0.368000
v 2.015207 0.190000 -0.360818
v 2.004500 0.190000 -0.352125
v 1.994960 0.190000 -0.341953
v 1.986593 0.190000 -0.330333
v 1.979406 0.190000 -0.317297
v 1.973408 0.190000 -0.302875
v 1.968603 0.190000 -0.287099
v 1.965000 0.190000 -0.270000
v 2.191000 0.190000 -0.270000
v 1.794969 0.190000 -0.194487
v 1.789000 0.190000 -0.162065
v 1.779281 0.190000 -0.131906
v 1.766000 0.190000 -0.104185
v 1.749344 0.190000 -0.079075
v 1.729500 0.190000 -0.056750
v 1.706656 0.190000 -0.037383
v 1.681000 0.190000 -0.021148
v 1.652719 0.190000 -0.008219
v 1.622000 0.190000 0.001231
v 1.589031 0.190000 0.007029
v 1.554000 0.190000 0.009000
v 1.520347 0.190000 0.006953
v 1.488528 0.190000 0.000954
v 1.458750 0.190000 -0.008781
v 1.431222 0.190000 -0.022037
v 1.406153 0.190000 -0.038598
v 1.383750 0.190000 -0.058250
v 1.364222 0.190000 -0.080777
v 1.347778 0.190000 -0.105963
v 1.334625 0.190000 -0.133594
v 1.324972 0.190000 -0.163454
v 1.319028 0.190000 -0.195328
v 1.317000 0.190000 -0.229000
v 1.319104 0.190000 -0.260605
v 1.325250 0.190000 -0.290755
v 1.335188 0.190000 -0.319203
v 1.348667 0.190000 -0.345704
v 1.365438 0.190000 -0.370010
v 1.385250 0.190000 -0.391875
v 1.407854 0.190000 -0.411053
v 1.433000 0.190000 -0.427296
v 1.460438 0.190000 -0.440359
v 1.489917 0.190000 -0.449995
v 1.521188 0.190000 -0.455958
v 1.554000 0.190000 -0.458000
v 1.588401 0.190000 -0.456034
v 1.620958 0.190000 -0.450273
v 1.651453 0.190000 -0.440922
v 1.679667 0.190000 -0.428185
v 1.705380 0.190000 -0.412268
v 1.728375 0.190000 -0.393375
v 1.748432 0.190000 -0.371711
v 1.765333 0.190000 -0.347482
v 1.778859 0.190000 -0.320891
v 1.788792 0.190000 -0.292144
v 1.794912 0.190000 -0.261445
v 1.797000 0.190000 -0.229000
v 1.409211 0.190000 -0.205935
v 1.412769 0.190000 -0.184310
v 1.418563 0.190000 -0.164234
v 1.426482 0.190000 -0.145815
v 1.436414 0.190000 -0.129159
v 1.448250 0.190000 -0.114375
v 1.461877 0.190000 -0.101570
v 1.477185 0.190000 -0.090852
v 1.494063 0.190000 -0.082328
v 1.512398 0.190000 -0.076106
v 1.532081 0.190000 -0.072295
v 1.553000 0.190000 -0.071000
v 1.575757 0.190000 -0.072237
v 1.596972 0.190000 -0.075894
v 1.616563 0.190000 -0.081891
v 1.634445 0.190000 -0.090148
v 1.650535 0.190000 -0.100586
v 1.664750 0.190000 -0.113125
v 1.677007 0.190000 -0.127685
v 1.687222 0.190000 -0.144185
v 1.695313 0.190000 -0.162547
v 1.701195 0.190000 -0.182690
v 1.704785 0.190000 -0.204534
v 1.706000 0.190000 -0.228000
v 1.704689 0.190000 -0.249227
v 1.700847 0.190000 -0.269320
v 1.694610 0.190000 -0.288141
v 1.686111 0.190000 -0.305556
v 1.675488 0.190000 -0.321429
v 1.662875 0.190000 -0.335625
v 1.648408 0.190000 -0.348009
v 1.632222 0.190000 -0.358444
v 1.614453 0.190000 -0.366797
v 1.595236 0.190000 -0.372931
v 1.574707 0.190000 -0.376710
v 1.553000 0.190000 -0.378000
v 1.532501 0.190000 -0.376711
v 1.513093 0.190000 -0.372935
v 1.494906 0.190000 -0.366813
v 1.478074 0.190000 -0.358482
v 1.462728 0.190000 -0.348081
v 1.449000 0.190000 -0.335750
v 1.437022 0.190000 -0.321627
v 1.426926 0.190000 -0.305852
v 1.418844 0.190000 -0.288563
v 1.412907 0.190000 -0.269898
v 1.409249 0.190000 -0.249998
v 1.408000 0.190000 -0.229000
v 0.864000 0.190000 0.000000
v 0.864000 0.190000 -0.682000
v 0.953000 0.190000 -0.682000
v 0.953000 0.190000 0.000000
v 1.302000 0.190000 0.000000
v 1.182000 0.190000 0.000000
v 0.957000 0.190000 -0.229000
v 1.156000 0.190000 -0.449000
v 1.262000 0.190000 -0.449000
v 1.070000 0.190000 -0.229000
v 0.763969 0.190000 -0.194487
v 0.758000 0.190000 -0.162065
v 0.748281 0.190000 -0.131906
v 0.735000 0.190000 -0.104185
v 0.718344 0.190000 -0.079075
v 0.698500 0.190000 -0.056750
v 0.675656 0.190000 -0.037383
v 0.650000 0.190000 -0.021148
v 0.621719 0.190000 -0.008219
v 0.591000 0.190000 0.001231
v 0.558031 0.190000 0.007029
v 0.523000 0.190000 0.009000
v 0.489347 0.190000 0.006953
v 0.457528 0.190000 0.000954
v 0.427750 0.190000 -0.008781
v 0.400222 0.190000 -0.022037
v 0.375153 0.190000 -0.038598
v 0.352750 0.190000 -0.058250
v 0.333222 0.190000 -0.080777
v 0.316778 0.190000 -0.105963
v 0.303625 0.190000 -0.133594
v 0.293972 0.190000 -0.163454
v 0.288028 0.190000 -0.195328
v 0.286000 0.190000 -0.229000
v 0.288104 0.190000 -0.260605
v 0.294250 0.190000 -0.290755
v 0.304187 0.190000 -0.319203
v 0.317667 0.190000 -0.345704
v 0.334437 0.190000 -0.370010
v 0.354250 0.190000 -0.391875
v 0.376854 0.190000 -0.411053
v 0.402000 0.190000 -0.427296
v 0.429437 0.190000 -0.440359
v 0.458917 0.190000 -0.449995
v 0.490187 0.190000 -0.455958
v 0.523000 0.190000 -0.458000
v 0.557401 0.190000 -0.456034
v 0.589958 0.190000 -0.450273
v 0.620453 0.190000 -0.440922
v 0.648667 0.190000 -0.428185
v 0.674380 0.190000 -0.412268
v 0.697375 0.190000 -0.393375
v 0.717432 0.190000 -0.371711
v 0.734333 0.190000 -0.347482
v 0.747859 0.190000 -0.320891
v 0.757792 0.190000 -0.292144
v 0.763911 0.190000 -0.261445
v 0.766000 0.190000 -0.229000
v 0.378211 0.190000 -0.205935
v 0.381769 0.190000 -0.184310
v 0.387563 0.190000 -0.164234
v 0.395481 0.190000 -0.145815
v 0.405414 0.190000 -0.129159
v 0.417250 0.190000 -0.114375
v 0.430877 0.190000 -0.101570
v 0.446185 0.190000 -0.090852
v 0.463063 0.190000 -0.082328
v 0.481398 0.190000 -0.076106
v 0.501081 0.190000 -0.072295
v 0.522000 0.190000 -0.071000
v 0.544757 0.190000 -0.072237
v 0.565972 0.190000 -0.075894
v 0.585563 0.190000 -0.081891
v 0.603444 0.190000 -0.090148
v 0.619535 0.190000 -0.100586
v 0.633750 0.190000 -0.113125
v 0.646007 0.190000 -0.127685
v 0.656222 0.190000 -0.144185
v 0.664312 0.190000 -0.162547
v 0.670194 0.190000 -0.182690
v 0.673785 0.190000 -0.204534
v 0.675000 0.190000 -0.228000
v 0.673689 0.190000 -0.249227
v 0.669847 0.190000 -0.269320
v 0.663609 0.190000 -0.288141
v 0.655111 0.190000 -0.305556
v 0.644488 0.190000 -0.321429
v 0.631875 0.190000 -0.335625
v 0.617408 0.190000 -0.348009
v 0.601222 0.190000 -0.358444
v 0.583453 0.190000 -0.366797
v 0.564236 0.190000 -0.372931
v 0.543707 0.190000 -0.376710
v 0.522000 0.190000 -0.378000
v 0.501501 0.190000 -0.376711
v 0.482093 0.190000 -0.372935
v 0.463906 0.190000 -0.366813
v 0.447074 0.190000 -0.358482
v 0.431728 0.190000 -0.348081
v 0.418000 0.190000 -0.335750
v 0.406022 0.190000 -0.321627
v 0.395926 0.190000 -0.305852
v 0.387844 0.190000 -0.288563
v 0.381907 0.190000 -0.269898
v 0.378249 0.190000 -0.249998
v 0.377000 0.190000 -0.229000
v 0.172917 0.190000 0.039047
v 0.169588 0.190000 0.068542
v 0.163891 0.190000 0.096266
v 0.155704 0.190000 0.122000
v 0.144906 0.190000 0.145526
v 0.131375 0.190000 0.166625
v 0.114990 0.190000 0.185078
v 0.095630 0.190000 0.200667
v 0.073172 0.190000 0.213172
v 0.047495 0.190000 0.222375
v 0.018479 0.190000 0.228057
v -0.014000 0.190000 0.230000
v -0.016920 0.190000 0.229980
v -0.019694 0.190000 0.229921
v -0.022344 0.190000 0.229828
v -0.024889 0.190000 0.229704
v -0.027351 0.190000 0.229551
v -0.029750 0.190000 0.229375
v -0.032108 0.190000 0.229178
v -0.034444 0.190000 0.228963
v -0.036781 0.190000 0.228734
v -0.039139 0.190000 0.228495
v -0.041538 0.190000 0.228249
v -0.044000 0.190000 0.228000
v -0.062000 0.190000 0.137000
v -0.037000 0.190000 0.137000
v -0.012929 0.190000 0.135916
v 0.007481 0.190000 0.132657
v 0.024531 0.190000 0.127219
v 0.038519 0.190000 0.119593
v 0.049742 0.190000 0.109772
v 0.058500 0.190000 0.097750
v 0.065091 0.190000 0.083520
v 0.069815 0.190000 0.067074
v 0.072969 0.190000 0.048406
v 0.074852 0.190000 0.027509
v 0.075763 0.190000 0.004376
v 0.076000 0.190000 -0.021000
v 0.076000 0.190000 -0.682000
v 0.174000 0.190000 -0.682000
v 0.174000 0.190000 0.008000
v 3.869230 -0.190000 -0.019639
v 3.860338 -0.190000 -0.014032
v 3.852204 -0.190000 -0.009141
v 3.844704 -0.190000 -0.004926
v 3.837719 -0.190000 -0.001350
v 3.831125 -0.190000 0.001625
v 3.824803 -0.190000 0.004038
v 3.818630 -0.190000 0.005926
v 3.812485 -0.190000 0.007328
v 3.806246 -0.190000 0.008282
v 3.799792 -0.190000 0.008827
v 3.793000 -0.190000 0.009000
v 3.783623 -0.190000 0.008706
v 3.774977 -0.190000 0.007815
v 3.767047 -0.190000 0.006313
v 3.759815 -0.190000 0.004185
v 3.753264 -0.190000 0.001419
v 3.747376 -0.190000 -0.002000
v 3.742133 -0.190000 -0.006086
v 3.737519 -0.190000 -0.010852
v 3.733516 -0.190000 -0.016312
v 3.730107 -0.190000 -0.022481
v 3.727274 -0.190000 -0.029373
v 3.725000 -0.190000 -0.037000
v 3.715210 -0.190000 -0.029583
v 3.705343 -0.190000 -0.022829
v 3.695406 -0.190000 -0.016734
v 3.685408 -0.190000 -0.011296
v 3.675353 -0.190000 -0.006511
v 3.665250 -0.190000 -0.002375
v 3.655106 -0.190000 0.001115
v 3.644926 -0.190000 0.003963
v 3.634719 -0.190000 0.006172
v 3.624491 -0.190000 0.007745
v 3.614249 -0.190000 0.008687
v 3.604000 -0.190000 0.009000
v 3.587971 -0.190000 0.007943
v 3.572935 -0.190000 0.004880
v 3.558969 -0.190000 -0.000031
v 3.546149 -0.190000 -0.006630
v 3.534550 -0.190000 -0.014756
v 3.524251 -0.190000 -0.024250
v 3.515326 -0.190000 -0.034953
v 3.507852 -0.190000 -0.046704
v 3.501907 -0.190000 -0.059344
v 3.497565 -0.190000 -0.072713
v 3.494904 -0.190000 -0.086652
v 3.494000 -0.190000 -0.101000
v 3.495636 -0.190000 -0.121994
v 3.500334 -0.190000 -0.140616
v 3.507782 -0.190000 -0.157078
v 3.517667 -0.190000 -0.171593
v 3.529677 -0.190000 -0.184371
v 3.543500 -0.190000 -0.195625
v 3.558823 -0.190000 -0.205567
v 3.575334 -0.190000 -0.214407
v 3.592719 -0.190000 -0.222359
v 3.610667 -0.190000 -0.229634
v 3.628865 -0.190000 -0.236444
v 3.647000 -0.190000 -0.243000
v 3.726000 -0.190000 -0.271000
v 3.726000 -0.190000 -0.295000
v 3.725438 -0.190000 -0.308318
v 3.723750 -0.190000 -0.320296
v 3.720938 -0.190000 -0.330969
v 3.717000 -0.190000 -0.340370
v 3.711938 -0.190000 -0.348536
v 3.705750 -0.190000 -0.355500
v 3.698438 -0.190000 -0.361297
v 3.690001 -0.190000 -0.365963
v 3.680438 -0.190000 -0.369531
v 3.669750 -0.190000 -0.372037
v 3.657938 -0.190000 -0.373515
v 3.645000 -0.190000 -0.374000
v 3.632734 -0.190000 -0.373518
v 3.620454 -0.190000 -0.372060
v 3.608188 -0.190000 -0.369609
v 3.595963 -0.190000 -0.366148
v 3.583808 -0.190000 -0.361659
v 3.571750 -0.190000 -0.356125
v 3.559818 -0.190000 -0.349528
v 3.548038 -0.190000 -0.341852
v 3.536438 -0.190000 -0.333078
v 3.525047 -0.190000 -0.323190
v 3.513892 -0.190000 -0.312170
v 3.503000 -0.190000 -0.300000
v 3.503000 -0.190000 -0.397000
v 3.512043 -0.190000 -0.406813
v 3.521677 -0.190000 -0.415755
v 3.531907 -0.190000 -0.423828
v 3.542741 -0.190000 -0.431037
v 3.554187 -0.190000 -0.437385
v 3.566251 -0.190000 -0.442875
v 3.578939 -0.190000 -0.447511
v 3.592260 -0.190000 -0.451296
v 3.606219 -0.190000 -0.454234
v 3.620825 -0.190000 -0.456329
v 3.636083 -0.190000 -0.457583
v 3.652000 -0.190000 -0.458000
v 3.674324 -0.190000 -0.457036
v 3.695672 -0.190000 -0.454120
v 3.715860 -0.190000 -0.449219
v 3.734704 -0.190000 -0.442296
v 3.752021 -0.190000 -0.433318
v 3.767626 -0.190000 -0.422250
v 3.781334 -0.190000 -0.409057
v 3.792964 -0.190000 -0.393704
v 3.802329 -0.190000 -0.376156
v 3.809246 -0.190000 -0.356380
v 3.813531 -0.190000 -0.334339
v 3.815001 -0.190000 -0.310000
v 3.815001 -0.190000 -0.079000
v 3.815125 -0.190000 -0.074976
v 3.815496 -0.190000 -0.071394
v 3.816110 -0.190000 -0.068234
v 3.816964 -0.190000 -0.065481
v 3.818053 -0.190000 -0.063117
v 3.819376 -0.190000 -0.061125
v 3.820927 -0.190000 -0.059487
v 3.822704 -0.190000 -0.058185
v 3.824703 -0.190000 -0.057203
v 3.826922 -0.190000 -0.056523
v 3.829355 -0.190000 -0.056128
v 3.832000 -0.190000 -0.056000
v 3.834434 -0.190000 -0.056186
v 3.837218 -0.190000 -0.056736
v 3.840328 -0.190000 -0.057641
v 3.843741 -0.190000 -0.058889
v 3.847432 -0.190000 -0.060470
v 3.851376 -0.190000 -0.062375
v 3.855549 -0.190000 -0.064592
v 3.859926 -0.190000 -0.067111
v 3.864485 -0.190000 -0.069922
v 3.869200 -0.190000 -0.073014
v 3.874046 -0.190000 -0.076377
v 3.879000 -0.190000 -0.080000
v 3.879000 -0.190000 -0.026000
v 3.707241 -0.190000 -0.215484
v 3.689093 -0.190000 -0.208875
v 3.671751 -0.190000 -0.202078
v 3.655408 -0.190000 -0.195000
v 3.640260 -0.190000 -0.187547
v 3.626500 -0.190000 -0.179625
v 3.614324 -0.190000 -0.171141
v 3.603926 -0.190000 -0.162000
v 3.595500 -0.190000 -0.152109
v 3.589241 -0.190000 -0.141375
v 3.585343 -0.190000 -0.129703
v 3.584000 -0.190000 -0.117000
v 3.584553 -0.190000 -0.107988
v 3.586172 -0.190000 -0.099486
v 3.588798 -0.190000 -0.091547
v 3.592371 -0.190000 -0.084222
v 3.596833 -0.190000 -0.077564
v 3.602126 -0.190000 -0.071625
v 3.608189 -0.190000 -0.066457
v 3.614964 -0.190000 -0.062111
v 3.622391 -0.190000 -0.058641
v 3.630413 -0.190000 -0.056097
v 3.638969 -0.190000 -0.054533
v 3.648000 -0.190000 -0.054000
v 3.654958 -0.190000 -0.054289
v 3.661834 -0.190000 -0.055144
v 3.668625 -0.190000 -0.056547
v 3.675333 -0.190000 -0.058481
v 3.681958 -0.190000 -0.060930
v 3.688500 -0.190000 -0.063875
v 3.694958 -0.190000 -0.067299
v 3.701334 -0.190000 -0.071185
v 3.707625 -0.190000 -0.075516
v 3.713834 -0.190000 -0.080273
v 3.719959 -0.190000 -0.085440
v 3.726000 -0.190000 -0.091000
v 3.726000 -0.190000 -0.222000
v 3.230000 -0.190000 -0.346000
v 3.232000 -0.190000 -0.346000
v 3.243210 -0.190000 -0.364799
v 3.254339 -0.190000 -0.381727
v 3.265391 -0.190000 -0.396828
v 3.276371 -0.190000 -0.410148
v 3.287281 -0.190000 -0.421732
v 3.298125 -0.190000 -0.431625
v 3.308907 -0.190000 -0.439872
v 3.319630 -0.190000 -0.446519
v 3.330297 -0.190000 -0.451609
v 3.340912 -0.190000 -0.455190
v 3.351479 -0.190000 -0.457305
v 3.362000 -0.190000 -0.458000
v 3.370962 -0.190000 -0.457645
v 3.379857 -0.190000 -0.456579
v 3.388704 -0.190000 -0.454797
v 3.397519 -0.190000 -0.452296
v 3.406321 -0.190000 -0.449074
v 3.415126 -0.190000 -0.445125
v 3.423951 -0.190000 -0.440447
v 3.432815 -0.190000 -0.435037
v 3.441735 -0.190000 -0.428891
v 3.450727 -0.190000 -0.422005
v 3.459810 -0.190000 -0.414376
v 3.469000 -0.190000 -0.406000
v 3.422000 -0.190000 -0.329000
v 3.415096 -0.190000 -0.335328
v 3.407935 -0.190000 -0.341287
v 3.400594 -0.190000 -0.346844
v 3.393148 -0.190000 -0.351963
v 3.385675 -0.190000 -0.356610
v 3.378250 -0.190000 -0.360750
v 3.370950 -0.190000 -0.364348
v 3.363852 -0.190000 -0.367370
v 3.357031 -0.190000 -0.369781
v 3.350565 -0.190000 -0.371546
v 3.344529 -0.190000 -0.372631
v 3.339000 -0.190000 -0.373000
v 3.324041 -0.190000 -0.371755
v 3.309746 -0.190000 -0.368125
v 3.296235 -0.190000 -0.362266
v 3.283630 -0.190000 -0.354333
v 3.272053 -0.190000 -0.344484
v 3.261625 -0.190000 -0.332875
v 3.252468 -0.190000 -0.319661
v 3.244704 -0.190000 -0.305000
v 3.238453 -0.190000 -0.289047
v 3.233838 -0.190000 -0.271958
v 3.230980 -0.190000 -0.253891
v 3.230000 -0.190000 -0.235000
v 3.230000 -0.190000 0.000000
v 3.141000 -0.190000 0.000000
v 3.141000 -0.190000 -0.449000
v 3.230000 -0.190000 -0.449000
v 3.046230 -0.190000 -0.019639
v 3.037338 -0.190000 -0.014032
v 3.029203 -0.190000 -0.009141
v 3.021704 -0.190000 -0.004926
v 3.014719 -0.190000 -0.001350
v 3.008125 -0.190000 0.001625
v 3.001803 -0.190000 0.004038
v 2.995630 -0.190000 0.005926
v 2.989485 -0.190000 0.007328
v 2.983246 -0.190000 0.008282
v 2.976791 -0.190000 0.008827
v 2.970000 -0.190000 0.009000
v 2.960623 -0.190000 0.008706
v 2.951977 -0.190000 0.007815
v 2.944047 -0.190000 0.006313
v 2.936815 -0.190000 0.004185
v 2.930264 -0.190000 0.001419
v 2.924376 -0.190000 -0.002000
v 2.919133 -0.190000 -0.006086
v 2.914519 -0.190000 -0.010852
v 2.910516 -0.190000 -0.016312
v 2.907107 -0.190000 -0.022481
v 2.904274 -0.190000 -0.029373
v 2.902000 -0.190000 -0.037000
v 2.892210 -0.190000 -0.029583
v 2.882343 -0.190000 -0.022829
v 2.872406 -0.190000 -0.016734
v 2.862407 -0.190000 -0.011296
v 2.852353 -0.190000 -0.006511
v 2.842250 -0.190000 -0.002375
v 2.832105 -0.190000 0.001115
v 2.821926 -0.190000 0.003963
v 2.811719 -0.190000 0.006172
v 2.801491 -0.190000 0.007745
v 2.791249 -0.190000 0.008687
v 2.781000 -0.190000 0.009000
v 2.764971 -0.190000 0.007943
v 2.749935 -0.190000 0.004880
v 2.735969 -0.190000 -0.000031
v 2.723148 -0.190000 -0.006630
v 2.711550 -0.190000 -0.014756
v 2.701250 -0.190000 -0.024250
v 2.692326 -0.190000 -0.034953
v 2.684852 -0.190000 -0.046704
v 2.678906 -0.190000 -0.059344
v 2.674565 -0.190000 -0.072713
v 2.671904 -0.190000 -0.086652
v 2.671000 -0.190000 -0.101000
v 2.672636 -0.190000 -0.121994
v 2.677334 -0.190000 -0.140616
v 2.684782 -0.190000 -0.157078
v 2.694667 -0.190000 -0.171593
v 2.706677 -0.190000 -0.184371
v 2.720500 -0.190000 -0.195625
v 2.735823 -0.190000 -0.205567
v 2.752334 -0.190000 -0.214407
v 2.769719 -0.190000 -0.222359
v 2.787667 -0.190000 -0.229634
v 2.805865 -0.190000 -0.236444
v 2.824000 -0.190000 -0.243000
v 2.903000 -0.190000 -0.271000
v 2.903000 -0.190000 -0.295000
v 2.902438 -0.190000 -0.308318
v 2.900750 -0.190000 -0.320296
v 2.897938 -0.190000 -0.330969
v 2.894000 -0.190000 -0.340370
v 2.888938 -0.190000 -0.348536
v 2.882750 -0.190000 -0.355500
v 2.875438 -0.190000 -0.361297
v 2.867000 -0.190000 -0.365963
v 2.857438 -0.190000 -0.369531
v 2.846750 -0.190000 -0.372037
v 2.834938 -0.190000 -0.373515
v 2.822000 -0.190000 -0.374000
v 2.809734 -0.190000 -0.373518
v 2.797454 -0.190000 -0.372060
v 2.785187 -0.190000 -0.369609
v 2.772963 -0.190000 -0.366148
v 2.760808 -0.190000 -0.361659
v 2.748750 -0.190000 -0.356125
v 2.736817 -0.190000 -0.349528
v 2.725037 -0.190000 -0.341852
v 2.713438 -0.190000 -0.333078
v 2.702047 -0.190000 -0.323190
v 2.690892 -0.190000 -0.312170
v 2.680000 -0.190000 -0.300000
v 2.680000 -0.190000 -0.397000
v 2.689043 -0.190000 -0.406813
v 2.698676 -0.190000 -0.415755
v 2.708907 -0.190000 -0.423828
v 2.719741 -0.190000 -0.431037
v 2.731187 -0.190000 -0.437385
v 2.743250 -0.190000 -0.442875
v 2.755939 -0.190000 -0.447511
v 2.769260 -0.190000 -0.451296
v 2.783219 -0.190000 -0.454234
v 2.797824 -0.190000 -0.456329
v 2.813082 -0.190000 -0.457583
v 2.829000 -0.190000 -0.458000
v 2.851324 -0.190000 -0.457036
v 2.872671 -0.190000 -0.454120
v 2.892859 -0.190000 -0.449219
v 2.911704 -0.190000 -0.442296
v 2.929020 -0.190000 -0.433318
v 2.944625 -0.190000 -0.422250
v 2.958334 -0.190000 -0.409057
v 2.969963 -0.190000 -0.393704
v 2.979328 -0.190000 -0.376156
v 2.986245 -0.190000 -0.356380
v 2.990531 -0.190000 -0.334339
v 2.992000 -0.190000 -0.310000
v 2.992000 -0.190000 -0.079000
v 2.992125 -0.190000 -0.074976
v 2.992496 -0.190000 -0.071394
v 2.993109 -0.190000 -0.068234
v 2.993963 -0.190000 -0.065481
v 2.995053 -0.190000 -0.063117
v 2.996375 -0.190000 -0.061125
v 2.997927 -0.190000 -0.059487
v 2.999704 -0.190000 -0.058185
v 3.001703 -0.190000 -0.057203
v 3.003922 -0.190000 -0.056523
v 3.006355 -0.190000 -0.056128
v 3.009000 -0.190000 -0.056000
v 3.011434 -0.190000 -0.056186
v 3.014218 -0.190000 -0.056736
v 3.017328 -0.190000 -0.057641
v 3.020741 -0.190000 -0.058889
v 3.024431 -0.190000 -0.060470
v 3.028375 -0.190000 -0.062375
v 3.032548 -0.190000 -0.064592
v 3.036926 -0.190000 -0.067111
v 3.041485 -0.190000 -0.069922
v 3.046199 -0.190000 -0.073014
v 3.051046 -0.190000 -0.076377
v 3.056000 -0.190000 -0.080000
v 3.056000 -0.190000 -0.026000
v 2.884241 -0.190000 -0.215484
v 2.866093 -0.190000 -0.208875
v 2.848750 -0.190000 -0.202078
v 2.832408 -0.190000 -0.195000
v 2.817260 -0.190000 -0.187547
v 2.803500 -0.190000 -0.179625
v 2.791324 -0.190000 -0.171141
v 2.780926 -0.190000 -0.162000
v 2.772500 -0.190000 -0.152109
v 2.766241 -0.190000 -0.141375
v 2.762343 -0.190000 -0.129703
v 2.761000 -0.190000 -0.117000
v 2.761553 -0.190000 -0.107988
v 2.763172 -0.190000 -0.099486
v 2.765797 -0.190000 -0.091547
v 2.769371 -0.190000 -0.084222
v 2.773833 -0.190000 -0.077564
v 2.779125 -0.190000 -0.071625
v 2.785188 -0.190000 -0.066457
v 2.791963 -0.190000 -0.062111
v 2.799391 -0.190000 -0.058641
v 2.807412 -0.190000 -0.056097
v 2.815969 -0.190000 -0.054533
v 2.825000 -0.190000 -0.054000
v 2.831959 -0.190000 -0.054289
v 2.838834 -0.190000 -0.055144
v 2.845625 -0.190000 -0.056547
v 2.852334 -0.190000 -0.058481
v 2.858958 -0.190000 -0.060930
v 2.865500 -0.190000 -0.063875
v 2.871958 -0.190000 -0.067299
v 2.878334 -0.190000 -0.071185
v 2.884625 -0.190000 -0.075516
v 2.890834 -0.190000 -0.080273
v 2.896959 -0.190000 -0.085440
v 2.903000 -0.190000 -0.091000
v 2.903000 -0.190000 -0.222000
v 2.621000 -0.190000 -0.449000
v 2.621000 -0.190000 -0.369000
v 2.479000 -0.190000 -0.369000
v 2.479000 -0.190000 -0.139000
v 2.479763 -0.190000 -0.126528
v 2.481936 -0.190000 -0.115560
v 2.485344 -0.190000 -0.106016
v 2.489815 -0.190000 -0.097815
v 2.495175 -0.190000 -0.090878
v 2.501250 -0.190000 -0.085125
v 2.507867 -0.190000 -0.080476
v 2.514852 -0.190000 -0.076852
v 2.522032 -0.190000 -0.074172
v 2.529232 -0.190000 -0.072356
v 2.536279 -0.190000 -0.071326
v 2.543000 -0.190000 -0.071000
v 2.551022 -0.190000 -0.071229
v 2.559093 -0.190000 -0.071917
v 2.567219 -0.190000 -0.073063
v 2.575408 -0.190000 -0.074667
v 2.583666 -0.190000 -0.076729
v 2.592000 -0.190000 -0.079250
v 2.600418 -0.190000 -0.082229
v 2.608927 -0.190000 -0.085667
v 2.617532 -0.190000 -0.089563
v 2.626241 -0.190000 -0.093917
v 2.635062 -0.190000 -0.098729
v 2.644000 -0.190000 -0.104000
v 2.644000 -0.190000 -0.021000
v 2.635917 -0.190000 -0.016839
v 2.627250 -0.190000 -0.012875
v 2.618125 -0.190000 -0.009141
v 2.608667 -0.190000 -0.005667
v 2.599000 -0.190000 -0.002484
v 2.589251 -0.190000 0.000375
v 2.579542 -0.190000 0.002880
v 2.570000 -0.190000 0.005000
v 2.560750 -0.190000 0.006703
v 2.551917 -0.190000 0.007958
v 2.543625 -0.190000 0.008734
v 2.536000 -0.190000 0.009000
v 2.512751 -0.190000 0.007773
v 2.491505 -0.190000 0.004181
v 2.472266 -0.190000 -0.001641
v 2.455037 -0.190000 -0.009556
v 2.439823 -0.190000 -0.019429
v 2.426625 -0.190000 -0.031125
v 2.415449 -0.190000 -0.044509
v 2.406296 -0.190000 -0.059444
v 2.399172 -0.190000 -0.075797
v 2.394079 -0.190000 -0.093431
v 2.391021 -0.190000 -0.112210
v 2.390000 -0.190000 -0.132000
v 2.390000 -0.190000 -0.369000
v 2.312000 -0.190000 -0.369000
v 2.312000 -0.190000 -0.379000
v 2.479000 -0.190000 -0.542000
v 2.479000 -0.190000 -0.449000
v 2.257586 -0.190000 -0.035395
v 2.244269 -0.190000 -0.027574
v 2.230938 -0.190000 -0.020531
v 2.217482 -0.190000 -0.014259
v 2.203790 -0.190000 -0.008751
v 2.189750 -0.190000 -0.004000
v 2.175253 -0.190000 0.000001
v 2.160186 -0.190000 0.003259
v 2.144438 -0.190000 0.005781
v 2.127898 -0.190000 0.007574
v 2.110456 -0.190000 0.008645
v 2.092000 -0.190000 0.009000
v 2.058301 -0.190000 0.006665
v 2.027241 -0.190000 -0.000093
v 1.998875 -0.190000 -0.010906
v 1.973260 -0.190000 -0.025407
v 1.950449 -0.190000 -0.043228
v 1.930500 -0.190000 -0.064000
v 1.913468 -0.190000 -0.087355
v 1.899408 -0.190000 -0.112926
v 1.888375 -0.190000 -0.140344
v 1.880426 -0.190000 -0.169241
v 1.875616 -0.190000 -0.199249
v 1.874000 -0.190000 -0.230000
v 1.875764 -0.190000 -0.263056
v 1.880945 -0.190000 -0.294111
v 1.889375 -0.190000 -0.323000
v 1.900889 -0.190000 -0.349556
v 1.915320 -0.190000 -0.373611
v 1.932500 -0.190000 -0.395000
v 1.952264 -0.190000 -0.413556
v 1.974445 -0.190000 -0.429111
v 1.998875 -0.190000 -0.441500
v 2.025389 -0.190000 -0.450556
v 2.053820 -0.190000 -0.456111
v 2.084000 -0.190000 -0.458000
v 2.112835 -0.190000 -0.456310
v 2.139764 -0.190000 -0.451232
v 2.164672 -0.190000 -0.442750
v 2.187445 -0.190000 -0.430852
v 2.207967 -0.190000 -0.415523
v 2.226125 -0.190000 -0.396750
v 2.241804 -0.190000 -0.374519
v 2.254889 -0.190000 -0.348815
v 2.265266 -0.190000 -0.319625
v 2.272820 -0.190000 -0.286935
v 2.277436 -0.190000 -0.250731
v 2.279000 -0.190000 -0.211000
v 1.963000 -0.190000 -0.211000
v 1.967270 -0.190000 -0.189648
v 1.973074 -0.190000 -0.170097
v 1.980406 -0.190000 -0.152359
v 1.989259 -0.190000 -0.136444
v 1.999626 -0.190000 -0.122363
v 2.011500 -0.190000 -0.110125
v 2.024874 -0.190000 -0.099741
v 2.039741 -0.190000 -0.091222
v 2.056094 -0.190000 -0.084578
v 2.073926 -0.190000 -0.079819
v 2.093230 -0.190000 -0.076957
v 2.114000 -0.190000 -0.076000
v 2.127440 -0.190000 -0.076413
v 2.140769 -0.190000 -0.077639
v 2.154000 -0.190000 -0.079656
v 2.167148 -0.190000 -0.082444
v 2.180227 -0.190000 -0.085983
v 2.193250 -0.190000 -0.090250
v 2.206232 -0.190000 -0.095226
v 2.219185 -0.190000 -0.100889
v 2.232125 -0.190000 -0.107219
v 2.245065 -0.190000 -0.114194
v 2.258019 -0.190000 -0.121795
v 2.271000 -0.190000 -0.130000
v 2.271000 -0.190000 -0.044000
v 2.189507 -0.190000 -0.286469
v 2.186556 -0.190000 -0.301833
v 2.182188 -0.190000 -0.316031
v 2.176445 -0.190000 -0.329000
v 2.169368 -0.190000 -0.340677
v 2.161000 -0.190000 -0.351000
v 2.151382 -0.190000 -0.359906
v 2.140556 -0.190000 -0.367333
v 2.128563 -0.190000 -0.373219
v 2.115445 -0.190000 -0.377500
v 2.101243 -0.190000 -0.380115
v 2.086000 -0.190000 -0.381000
v 2.069563 -0.190000 -0.380172
v 2.054259 -0.190000 -0.377708
v 2.040094 -0.190000 -0.373641
v 2.027074 -0.190000 -0.368000
v 2.015207 -0.190000 -0.360818
v 2.004500 -0.190000 -0.352125
v 1.994960 -0.190000 -0.341953
v 1.986593 -0.190000 -0.330333
v 1.979406 -0.190000 -0.317297
v 1.973408 -0.190000 -0.302875
v 1.968603 -0.190000 -0.287099
v 1.965000 -0.190000 -0.270000
v 2.191000 -0.190000 -0.270000
v 1.794969 -0.190000 -0.194487
v 1.789000 -0.190000 -0.162065
v 1.779281 -0.190000 -0.131906
v 1.766000 -0.190000 -0.104185
v 1.749344 -0.190000 -0.079075
v 1.729500 -0.190000 -0.056750
v 1.706656 -0.190000 -0.037383
v 1.681000 -0.190000 -0.021148
v 1.652719 -0.190000 -0.008219
v 1.622000 -0.190000 0.001231
v 1.589031 -0.190000 0.007029
v 1.554000 -0.190000 0.009000
v 1.520347 -0.190000 0.006953
v 1.488528 -0.190000 0.000954
v 1.458750 -0.190000 -0.008781
v 1.431222 -0.190000 -0.022037
v 1.406153 -0.190000 -0.038598
v 1.383750 -0.190000 -0.058250
v 1.364222 -0.190000 -0.080777
v 1.347778 -0.190000 -0.105963
v 1.334625 -0.190000 -0.133594
v 1.324972 -0.190000 -0.163454
v 1.319028 -0.190000 -0.195328
v 1.317000 -0.190000 -0.229000
v 1.319104 -0.190000 -0.260605
v 1.325250 -0.190000 -0.290755
v 1.335188 -0.190000 -0.319203
v 1.348667 -0.190000 -0.345704
v 1.365438 -0.190000 -0.370010
v 1.385250 -0.190000 -0.391875
v 1.407854 -0.190000 -0.411053
v 1.433000 -0.190000 -0.427296
v 1.460438 -0.190000 -0.440359
v 1.489917 -0.190000 -0.449995
v 1.521188 -0.190000 -0.455958
v 1.554000 -0.190000 -0.458000
v 1.588401 -0.190000 -0.456034
v 1.620958 -0.190000 -0.450273
v 1.651453 -0.190000 -0.440922
v 1.679667 -0.190000 -0.428185
v 1.705380 -0.190000 -0.412268
v 1.728375 -0.190000 -0.393375
v 1.748432 -0.190000 -0.371711
v 1.765333 -0.190000 -0.347482
v 1.778859 -0.190000 -0.320891
v 1.788792 -0.190000 -0.292144
v 1.794912 -0.190000 -0.261445
v 1.797000 -0.190000 -0.229000
v 1.409211 -0.190000 -0.205935
v 1.412769 -0.190000 -0.184310
v 1.418563 -0.190000 -0.164234
v 1.426482 -0.190000 -0.145815
v 1.436414 -0.190000 -0.129159
v 1.448250 -0.190000 -0.114375
v 1.461877 -0.190000 -0.101570
v 1.477185 -0.190000 -0.090852
v 1.494063 -0.190000 -0.082328
v 1.512398 -0.190000 -0.076106
v 1.532081 -0.190000 -0.072295
v 1.553000 -0.190000 -0.071000
v 1.575757 -0.190000 -0.072237
v 1.596972 -0.190000 -0.075894
v 1.616563 -0.190000 -0.081891
v 1.634445 -0.190000 -0.090148
v 1.650535 -0.190000 -0.100586
v 1.664750 -0.190000 -0.113125
v 1.677007 -0.190000 -0.127685
v 1.687222 -0.190000 -0.144185
v 1.695313 -0.190000 -0.162547
v 1.701195 -0.190000 -0.182690
v 1.704785 -0.190000 -0.204534
v 1.706000 -0.190000 -0.228000
v 1.704689 -0.190000 -0.249227
v 1.700847 -0.190000 -0.269320
v 1.694610 -0.190000 -0.288141
v 1.686111 -0.190000 -0.305556
v 1.675488 -0.190000 -0.321429
v 1.662875 -0.190000 -0.335625
v 1.648408 -0.190000 -0.348009
v 1.632222 -0.190000 -0.358444
v 1.614453 -0.190000 -0.366797
v 1.595236 -0.190000 -0.372931
v 1.574707 -0.190000 -0.376710
v 1.553000 -0.190000 -0.378000
v 1.532501 -0.190000 -0.376711
v 1.513093 -0.190000 -0.372935
v 1.494906 -0.190000 -0.366813
v 1.478074 -0.190000 -0.358482
v 1.462728 -0.190000 -0.348081
v 1.449000 -0.190000 -0.335750
v 1.437022 -0.190000 -0.321627
v 1.426926 -0.190000 -0.305852
v 1.418844 -0.190000 -0.288563
v 1.412907 -0.190000 -0.269898
v 1.409249 -0.190000 -0.249998
v 1.408000 -0.190000 -0.229000
v 0.864000 -0.190000 0.000000
v 0.864000 -0.190000 -0.682000
v 0.953000 -0.190000 -0.682000
v 0.953000 -0.190000 0.000000
v 1.302000 -0.190000 0.000000
v 1.182000 -0.190000 0.000000
v 0.957000 -0.190000 -0.229000
v 1.156000 -0.190000 -0.449000
v 1.262000 -0.190000 -0.449000
v 1.070000 -0.190000 -0.229000
v 0.763969 -0.190000 -0.194487
v 0.758000 -0.190000 -0.162065
v 0.748281 -0.190000 -0.131906
v 0.735000 -0.190000 -0.104185
v 0.718344 -0.190000 -0.079075
v 0.698500 -0.190000 -0.056750
v 0.675656 -0.190000 -0.037383
v 0.650000 -0.190000 -0.021148
v 0.621719 -0.190000 -0.008219
v 0.591000 -0.190000 0.001231
v 0.558031 -0.190000 0.007029
v 0.523000 -0.190000 0.009000
v 0.489347 -0.190000 0.006953
v 0.457528 -0.190000 0.000954
v 0.427750 -0.190000 -0.008781
v 0.400222 -0.190000 -0.022037
v 0.375153 -0.190000 -0.038598
v 0.352750 -0.190000 -0.058250
v 0.333222 -0.190000 -0.080777
v 0.316778 -0.190000 -0.105963
v 0.303625 -0.190000 -0.133594
v 0.293972 -0.190000 -0.163454
v 0.288028 -0.190000 -0.195328
v 0.286000 -0.190000 -0.229000
v 0.288104 -0.190000 -0.260605
v 0.294250 -0.190000 -0.290755
v 0.304187 -0.190000 -0.319203
v 0.317667 -0.190000 -0.345704
v 0.334437 -0.190000 -0.370010
v 0.354250 -0.190000 -0.391875
v 0.376854 -0.190000 -0.411053
v 0.402000 -0.190000 -0.427296
v 0.429437 -0.190000 -0.440359
v 0.458917 -0.190000 -0.449995
v 0.490187 -0.190000 -0.455958
v 0.523000 -0.190000 -0.458000
v 0.557401 -0.190000 -0.456034
v 0.589958 -0.190000 -0.450273
v 0.620453 -0.190000 -0.440922
v 0.648667 -0.190000 -0.428185
v 0.674380 -0.190000 -0.412268
v 0.697375 -0.190000 -0.393375
v 0.717432 -0.190000 -0.371711
v 0.734333 -0.190000 -0.347482
v 0.747859 -0.190000 -0.320891
v 0.757792 -0.190000 -0.292144
v 0.763911 -0.190000 -0.261445
v 0.766000 -0.190000 -0.229000
v 0.378211 -0.190000 -0.205935
v 0.381769 -0.190000 -0.184310
v 0.387563 -0.190000 -0.164234
v 0.395481 -0.190000 -0.145815
v 0.405414 -0.190000 -0.129159
v 0.417250 -0.190000 -0.114375
v 0.430877 -0.190000 -0.101570
v 0.446185 -0.190000 -0.090852
v 0.463063 -0.190000 -0.082328
v 0.481398 -0.190000 -0.076106
v 0.501081 -0.190000 -0.072295
v 0.522000 -0.190000 -0.071000
v 0.544757 -0.190000 -0.072237
v 0.565972 -0.190000 -0.075894
v 0.585563 -0.190000 -0.081891
v 0.603444 -0.190000 -0.090148
v 0.619535 -0.190000 -0.100586
v 0.633750 -0.190000 -0.113125
v 0.646007 -0.190000 -0.127685
v 0.656222 -0.190000 -0.144185
v 0.664312 -0.190000 -0.162547
v 0.670194 -0.190000 -0.182690
v 0.673785 -0.190000 -0.204534
v 0.675000 -0.190000 -0.228000
v 0.673689 -0.190000 -0.249227
v 0.669847 -0.190000 -0.269320
v 0.663609 -0.190000 -0.288141
v 0.655111 -0.190000 -0.305556
v 0.644488 -0.190000 -0.321429
v 0.631875 -0.190000 -0.335625
v 0.617408 -0.190000 -0.348009
v 0.601222 -0.190000 -0.358444
v 0.583453 -0.190000 -0.366797
v 0.564236 -0.190000 -0.372931
v 0.543707 -0.190000 -0.376710
v 0.522000 -0.190000 -0.378000
v 0.501501 -0.190000 -0.376711
v 0.482093 -0.190000 -0.372935
v 0.463906 -0.190000 -0.366813
v 0.447074 -0.190000 -0.358482
v 0.431728 -0.190000 -0.348081
v 0.418000 -0.190000 -0.335750
v 0.406022 -0.190000 -0.321627
v 0.395926 -0.190000 -0.305852
v 0.387844 -0.190000 -0.288563
v 0.381907 -0.190000 -0.269898
v 0.378249 -0.190000 -0.249998
v 0.377000 -0.190000 -0.229000
v 0.172917 -0.190000 0.039047
v 0.169588 -0.190000 0.068542
v 0.163891 -0.190000 0.096266
v 0.155704 -0.190000 0.122000
v 0.144906 -0.190000 0.145526
v 0.131375 -0.190000 0.166625
v 0.114990 -0.190000 0.185078
v 0.095630 -0.190000 0.200667
v 0.073172 -0.190000 0.213172
v 0.047495 -0.190000 0.222375
v 0.018479 -0.190000 0.228057
v -0.014000 -0.190000 0.230000
v -0.016920 -0.190000 0.229980
v -0.019694 -0.190000 0.229921
v -0.022344 -0.190000 0.229828
v -0.024889 -0.190000 0.229704
v -0.027351 -0.190000 0.229551
v -0.029750 -0.190000 0.229375
v -0.032108 -0.190000 0.229178
v -0.034444 -0.190000 0.228963
v -0.036781 -0.190000 0.228734
v -0.039139 -0.190000 0.228495
v -0.041538 -0.190000 0.228249
v -0.044000 -0.190000 0.228000
v -0.062000 -0.190000 0.137000
v -0.037000 -0.190000 0.137000
v -0.012929 -0.190000 0.135916
v 0.007481 -0.190000 0.132657
v 0.024531 -0.190000 0.127219
v 0.038519 -0.190000 0.119593
v 0.049742 -0.190000 0.109772
v 0.058500 -0.190000 0.097750
v 0.065091 -0.190000 0.083520
v 0.069815 -0.190000 0.067074
v 0.072969 -0.190000 0.048406
v 0.074852 -0.190000 0.027509
v 0.075763 -0.190000 0.004376
v 0.076000 -0.190000 -0.021000
v 0.076000 -0.190000 -0.682000
v 0.174000 -0.190000 -0.682000
v 0.174000 -0.190000 0.008000
v 0.172917 -0.190000 0.039047
v 0.172917 0.190000 0.039047
v 0.169588 -0.190000 0.068542
v 0.169588 0.190000 0.068542
v 0.163891 -0.190000 0.096266
v 0.163891 0.190000 0.096266
v 0.155704 -0.190000 0.122000
v 0.155704 0.190000 0.122000
v 0.144906 -0.190000 0.145526
v 0.144906 0.190000 0.145526
v 0.131375 -0.190000 0.166625
v 0.131375 0.190000 0.166625
v 0.114990 -0.190000 0.185078
v 0.114990 0.190000 0.185078
v 0.095630 -0.190000 0.200667
v 0.095630 0.190000 0.200667
v 0.073172 -0.190000 0.213172
v 0.073172 0.190000 0.213172
v 0.047495 -0.190000 0.222375
v 0.047495 0.190000 0.222375
v 0.018479 -0.190000 0.228057
v 0.018479 0.190000 0.228057
v -0.014000 -0.190000 0.230000
v -0.014000 0.190000 0.230000
v -0.016920 -0.190000 0.229980
v -0.016920 0.190000 0.229980
v -0.019694 -0.190000 0.229921
v -0.019694 0.190000 0.229921
v -0.022344 -0.190000 0.229828
v -0.022344 0.190000 0.229828
v -0.024889 -0.190000 0.229704
v -0.024889 0.190000 0.229704
v -0.027351 -0.190000 0.229551
v -0.027351 0.190000 0.229551
v -0.029750 -0.190000 0.229375
v -0.029750 0.190000 0.229375
v -0.032108 -0.190000 0.229178
v -0.032108 0.190000 0.229178
v -0.034444 -0.190000 0.228963
v -0.034444 0.190000 0.228963
v -0.036781 -0.190000 0.228734
v -0.036781 0.190000 0.228734
v -0.039139 -0.190000 0.228495
v -0.039139 0.190000 0.228495
v -0.041538 -0.190000 0.228249
v -0.041538 0.190000 0.228249
v -0.044000 -0.190000 0.228000
v -0.044000 0.190000 0.228000
v -0.062000 -0.190000 0.137000
v -0.062000 0.190000 0.137000
v -0.037000 -0.190000 0.137000
v -0.037000 0.190000 0.137000
v -0.012929 -0.190000 0.135916
v -0.012929 0.190000 0.135916
v 0.007481 -0.190000 0.132657
v 0.007481 0.190000 0.132657
v 0.024531 -0.190000 0.127219
v 0.024531 0.190000 0.127219
v 0.038519 -0.190000 0.119593
v 0.038519 0.190000 0.119593
v 0.049742 -0.190000 0.109772
v 0.049742 0.190000 0.109772
v 0.058500 -0.190000 0.097750
v 0.058500 0.190000 0.097750
v 0.065091 -0.190000 0.083520
v 0.065091 0.190000 0.083520
v 0.069815 -0.190000 0.067074
v 0.069815 0.190000 0.067074
v 0.072969 -0.190000 0.048406
v 0.072969 0.190000 0.048406
v 0.074852 -0.190000 0.027509
v 0.074852 0.190000 0.027509
v 0.075763 -0.190000 0.004376
v 0.075763 0.190000 0.004376
v 0.076000 -0.190000 -0.021000
v 0.076000 0.190000 -0.021000
v 0.076000 -0.190000 -0.682000
v 0.076000 0.190000 -0.682000
v 0.174000 -0.190000 -0.682000
v 0.174000 0.190000 -0.682000
v 0.174000 -0.190000 0.008000
v 0.174000 0.190000 0.008000
v 0.763969 -0.190000 -0.194487
v 0.763969 0.190000 -0.194487
v 0.758000 -0.190000 -0.162065
v 0.758000 0.190000 -0.162065
v 0.748281 -0.190000 -0.131906
v 0.748281 0.190000 -0.131906
v 0.735000 -0.190000 -0.104185
v 0.735000 0.190000 -0.104185
v 0.718344 -0.190000 -0.079075
v 0.718344 0.190000 -0.079075
v 0.698500 -0.190000 -0.056750
v 0.698500 0.190000 -0.056750
v 0.675656 -0.190000 -0.037383
v 0.675656 0.190000 -0.037383
v 0.650000 -0.190000 -0.021148
v 0.650000 0.190000 -0.021148
v 0.621719 -0.190000 -0.008219
v 0.621719 0.190000 -0.008219
v 0.591000 -0.190000 0.001231
v 0.591000 0.190000 0.001231
v 0.558031 -0.190000 0.007029
v 0.558031 0.190000 0.007029
v 0.523000 -0.190000 0.009000
v 0.523000 0.190000 0.009000
v 0.489347 -0.190000 0.006953
v 0.489347 0.190000 0.006953
v 0.457528 -0.190000 0.000954
v 0.457528 0.190000 0.000954
v 0.427750 -0.190000 -0.008781
v 0.427750 0.190000 -0.008781
v 0.400222 -0.190000 -0.022037
v 0.400222 0.190000 -0.022037
v 0.375153 -0.190000 -0.038598
v 0.375153 0.190000 -0.038598
v 0.352750 -0.190000 -0.058250
v 0.352750 0.190000 -0.058250
v 0.333222 -0.190000 -0.080777
v 0.333222 0.190000 -0.080777
v 0.316778 -0.190000 -0.105963
v 0.316778 0.190000 -0.105963
v 0.303625 -0.190000 -0.133594
v 0.303625 0.190000 -0.133594
v 0.293972 -0.190000 -0.163454
v 0.293972 0.190000 -0.163454
v 0.288028 -0.190000 -0.195328
v 0.288028 0.190000 -0.195328
v 0.286000 -0.190000 -0.229000
v 0.286000 0.190000 -0.229000
v 0.288104 -0.190000 -0.260605
v 0.288104 0.190000 -0.260605
v 0.294250 -0.190000 -0.290755
v 0.294250 0.190000 -0.290755
v 0.304187 -0.190000 -0.319203
v 0.304187 0.190000 -0.319203
v 0.317667 -0.190000 -0.345704
v 0.317667 0.190000 -0.345704
v 0.334437 -0.190000 -0.370010
v 0.334437 0.190000 -0.370010
v 0.354250 -0.190000 -0.391875
v 0.354250 0.190000 -0.391875
v 0.376854 -0.190000 -0.411053
v 0.376854 0.190000 -0.411053
v 0.402000 -0.190000 -0.427296
v 0.402000 0.190000 -0.427296
v 0.429437 -0.190000 -0.440359
v 0.429437 0.190000 -0.440359
v 0.458917 -0.190000 -0.449995
v 0.458917 0.190000 -0.449995
v 0.490187 -0.190000 -0.455958
v 0.490187 0.190000 -0.455958
v 0.523000 -0.190000 -0.458000
v 0.523000 0.190000 -0.458000
v 0.557401 -0.190000 -0.456034
v 0.557401 0.190000 -0.456034
v 0.589958 -0.190000 -0.450273
v 0.589958 0.190000 -0.450273
v 0.620453 -0.190000 -0.440922
v 0.620453 0.190000 -0.440922
v 0.648667 -0.190000 -0.428185
v 0.648667 0.190000 -0.428185
v 0.674380 -0.190000 -0.412268
v 0.674380 0.190000 -0.412268
v 0.697375 -0.190000 -0.393375
v 0.697375 0.190000 -0.393375
v 0.717432 -0.190000 -0.371711
v 0.717432 0.190000 -0.371711
v 0.734333 -0.190000 -0.347482
v 0.734333 0.190000 -0.347482
v 0.747859 -0.190000 -0.320891
v 0.747859 0.190000 -0.320891
v 0.757792 -0.190000 -0.292144
v 0.757792 0.190000 -0.292144
v 0.763911 -0.190000 -0.261445
v 0.763911 0.190000 -0.261445
v 0.766000 -0.190000 -0.229000
v 0.766000 0.190000 -0.229000
v 0.378211 -0.190000 -0.205935
v 0.378211 0.190000 -0.205935
v 0.381769 -0.190000 -0.184310
v 0.381769 0.190000 -0.184310
v 0.387563 -0.190000 -0.164234
v 0.387563 0.190000 -0.164234
v 0.395481 -0.190000 -0.145815
v 0.395481 0.190000 -0.145815
v 0.405414 -0.190000 -0.129159
v 0.405414 0.190000 -0.129159
v 0.417250 -0.190000 -0.114375
v 0.417250 0.190000 -0.114375
v 0.430877 -0.190000 -0.101570
v 0.430877 0.190000 -0.101570
v 0.446185 -0.190000 -0.090852
v 0.446185 0.190000 -0.090852
v 0.463063 -0.190000 -0.082328
v 0.463063 0.190000 -0.082328
v 0.481398 -0.190000 -0.076106
v 0.481398 0.190000 -0.076106
v 0.501081 -0.190000 -0.072295
v 0.501081 0.190000 -0.072295
v 0.522000 -0.190000 -0.071000
v 0.522000 0.190000 -0.071000
v 0.544757 -0.190000 -0.072237
v 0.544757 0.190000 -0.072237
v 0.565972 -0.190000 -0.075894
v 0.565972 0.190000 -0.075894
v 0.585563 -0.190000 -0.081891
v 0.585563 0.190000 -0.081891
v 0.603444 -0.190000 -0.090148
v 0.603444 0.190000 -0.090148
v 0.619535 -0.190000 -0.100586
v 0.619535 0.190000 -0.100586
v 0.633750 -0.190000 -0.113125
v 0.633750 0.190000 -0.113125
v 0.646007 -0.190000 -0.127685
v 0.646007 0.190000 -0.127685
v 0.656222 -0.190000 -0.144185
v 0.656222 0.190000 -0.144185
v 0.664312 -0.190000 -0.162547
v 0.664312 0.190000 -0.162547
v 0.670194 -0.190000 -0.182690
v 0.670194 0.190000 -0.182690
v 0.673785 -0.190000 -0.204534
v 0.673785 0.190000 -0.204534
v 0.675000 -0.190000 -0.228000
v 0.675000 0.190000 -0.228000
v 0.673689 -0.190000 -0.249227
v 0.673689 0.190000 -0.249227
v 0.669847 -0.190000 -0.269320
v 0.669847 0.190000 -0.269320
v 0.663609 -0.190000 -0.288141
v 0.663609 0.190000 -0.288141
v 0.655111 -0.190000 -0.305556
v 0.655111 0.190000 -0.305556
v 0.644488 -0.190000 -0.321429
v 0.644488 0.190000 -0.321429
v 0.631875 -0.190000 -0.335625
v 0.631875 0.190000 -0.335625
v 0.617408 -0.190000 -0.348009
v 0.617408 0.190000 -0.348009
v 0.601222 -0.190000 -0.358444
v 0.601222 0.190000 -0.358444
v 0.583453 -0.190000 -0.366797
v 0.583453 0.190000 -0.366797
v 0.564236 -0.190000 -0.372931
v 0.564236 0.190000 -0.372931
v 0.543707 -0.190000 -0.376710
v 0.543707 0.190000 -0.376710
v 0.522000 -0.190000 -0.378000
v 0.522000 0.190000 -0.378000
v 0.501501 -0.190000 -0.376711
v 0.501501 0.190000 -0.376711
v 0.482093 -0.190000 -0.372935
v 0.482093 0.190000 -0.372935
v 0.463906 -0.190000 -0.366813
v 0.463906 0.190000 -0.366813
v 0.447074 -0.190000 -0.358482
v 0.447074 0.190000 -0.358482
v 0.431728 -0.190000 -0.348081
v 0.431728 0.190000 -0.348081
v 0.418000 -0.190000 -0.335750
v 0.418000 0.190000 -0.335750
v 0.406022 -0.190000 -0.321627
v 0.406022 0.190000 -0.321627
v 0.395926 -0.190000 -0.305852
v 0.395926 0.190000 -0.305852
v 0.387844 -0.190000 -0.288563
v 0.387844 0.190000 -0.288563
v 0.381907 -0.190000 -0.269898
v 0.381907 0.190000 -0.269898
v 0.378249 -0.190000 -0.249998
v 0.378249 0.190000 -0.249998
v 0.377000 -0.190000 -0.229000
v 0.377000 0.190000 -0.229000
v 1.302000 -0.190000 0.000000
v 1.302000 0.190000 0.000000
v 1.182000 -0.190000 0.000000
v 1.182000 0.190000 0.000000
v 0.957000 -0.190000 -0.229000
v 0.957000 0.190000 -0.229000
v 1.156000 -0.190000 -0.449000
v 1.156000 0.190000 -0.449000
v 1.262000 -0.190000 -0.449000
v 1.262000 0.190000 -0.449000
v 1.070000 -0.190000 -0.229000
v 1.070000 0.190000 -0.229000
v 0.864000 -0.190000 0.000000
v 0.864000 0.190000 0.000000
v 0.864000 -0.190000 -0.682000
v 0.864000 0.190000 -0.682000
v 0.953000 -0.190000 -0.682000
v 0.953000 0.190000 -0.682000
v 0.953000 -0.190000 0.000000
v 0.953000 0.190000 0.000000
v 1.794969 -0.190000 -0.194487
v 1.794969 0.190000 -0.194487
v 1.789000 -0.190000 -0.162065
v 1.789000 0.190000 -0.162065
v 1.779281 -0.190000 -0.131906
v 1.779281 0.190000 -0.131906
v 1.766000 -0.190000 -0.104185
v 1.766000 0.190000 -0.104185
v 1.749344 -0.190000 -0.079075
v 1.749344 0.190000 -0.079075
v 1.729500 -0.190000 -0.056750
v 1.729500 0.190000 -0.056750
v 1.706656 -0.190000 -0.037383
v 1.706656 0.190000 -0.037383
v 1.681000 -0.190000 -0.021148
v 1.681000 0.190000 -0.021148
v 1.652719 -0.190000 -0.008219
v 1.652719 0.190000 -0.008219
v 1.622000 -0.190000 0.001231
v 1.622000 0.190000 0.001231
v 1.589031 -0.190000 0.007029
v 1.589031 0.190000 0.007029
v 1.554000 -0.190000 0.009000
v 1.554000 0.190000 0.009000
v 1.520347 -0.190000 0.006953
v 1.520347 0.190000 0.006953
v 1.488528 -0.190000 0.000954
v 1.488528 0.190000 0.000954
v 1.458750 -0.190000 -0.008781
v 1.458750 0.190000 -0.008781
v 1.431222 -0.190000 -0.022037
v 1.431222 0.190000 -0.022037
v 1.406153 -0.190000 -0.038598
v 1.406153 0.190000 -0.038598
v 1.383750 -0.190000 -0.058250
v 1.383750 0.190000 -0.058250
v 1.364222 -0.190000 -0.080777
v 1.364222 0.190000 -0.080777
v 1.347778 -0.190000 -0.105963
v 1.347778 0.190000 -0.105963
v 1.334625 -0.190000 -0.133594
v 1.334625 0.190000 -0.133594
v 1.324972 -0.190000 -0.163454
v 1.324972 0.190000 -0.163454
v 1.319028 -0.190000 -0.195328
v 1.319028 0.190000 -0.195328
v 1.317000 -0.190000 -0.229000
v 1.317000 0.190000 -0.229000
v 1.319104 -0.190000 -0.260605
v 1.319104 0.190000 -0.260605
v 1.325250 -0.190000 -0.290755
v 1.325250 0.190000 -0.290755
v 1.335188 -0.190000 -0.319203
v 1.335188 0.190000 -0.319203
v 1.348667 -0.190000 -0.345704
v 1.348667 0.190000 -0.345704
v 1.365438 -0.190000 -0.370010
v 1.365438 0.190000 -0.370010
v 1.385250 -0.190000 -0.391875
v 1.385250 0.190000 -0.391875
v 1.407854 -0.190000 -0.411053
v 1.407854 0.190000 -0.411053
v 1.433000 -0.190000 -0.427296
v 1.433000 0.190000 -0.427296
v 1.460438 -0.190000 -0.440359
v 1.460438 0.190000 -0.440359
v 1.489917 -0.190000 -0.449995
v 1.489917 0.190000 -0.449995
v 1.521188 -0.190000 -0.455958
v 1.521188 0.190000 -0.455958
v 1.554000 -0.190000 -0.458000
v 1.554000 0.190000 -0.458000
v 1.588401 -0.190000 -0.456034
v 1.588401 0.190000 -0.456034
v 1.620958 -0.190000 -0.450273
v 1.620958 0.190000 -0.450273
v 1.651453 -0.190000 -0.440922
v 1.651453 0.190000 -0.440922
v 1.679667 -0.190000 -0.428185
v 1.679667 0.190000 -0.428185
v 1.705380 -0.190000 -0.412268
v 1.705380 0.190000 -0.412268
v 1.728375 -0.190000 -0.393375
v 1.728375 0.190000 -0.393375
v 1.748432 -0.190000 -0.371711
v 1.748432 0.190000 -0.371711
v 1.765333 -0.190000 -0.347482
v 1.765333 0.190000 -0.347482
v 1.778859 -0.190000 -0.320891
v 1.778859 0.190000 -0.320891
v 1.788792 -0.190000 -0.292144
v 1.788792 0.190000 -0.292144
v 1.794912 -0.190000 -0.261445
v 1.794912 0.190000 -0.261445
v 1.797000 -0.190000 -0.229000
v 1.797000 0.190000 -0.229000
v 1.409211 -0.190000 -0.205935
v 1.409211 0.190000 -0.205935
v 1.412769 -0.190000 -0.184310
v 1.412769 0.190000 -0.184310
v 1.418563 -0.190000 -0.164234
v 1.418563 0.190000 -0.164234
v 1.426482 -0.190000 -0.145815
v 1.426482 0.190000 -0.145815
v 1.436414 -0.190000 -0.129159
v 1.436414 0.190000 -0.129159
v 1.448250 -0.190000 -0.114375
v 1.448250 0.190000 -0.114375
v 1.461877 -0.190000 -0.101570
v 1.461877 0.190000 -0.101570
v 1.477185 -0.190000 -0.090852
v 1.477185 0.190000 -0.090852
v 1.494063 -0.190000 -0.082328
v 1.494063 0.190000 -0.082328
v 1.512398 -0.190000 -0.076106
v 1.512398 0.190000 -0.076106
v 1.532081 -0.190000 -0.072295
v 1.532081 0.190000 -0.072295
v 1.553000 -0.190000 -0.071000
v 1.553000 0.190000 -0.071000
v 1.575757 -0.190000 -0.072237
v 1.575757 0.190000 -0.072237
v 1.596972 -0.190000 -0.075894
v 1.596972 0.190000 -0.075894
v 1.616563 -0.190000 -0.081891
v 1.616563 0.190000 -0.081891
v 1.634445 -0.190000 -0.090148
v 1.634445 0.190000 -0.090148
v 1.650535 -0.190000 -0.100586
v 1.650535 0.190000 -0.100586
v 1.664750 -0.190000 -0.113125
v 1.664750 0.190000 -0.113125
v 1.677007 -0.190000 -0.127685
v 1.677007 0.190000 -0.127685
v 1.687222 -0.190000 -0.144185
v 1.687222 0.190000 -0.144185
v 1.695313 -0.190000 -0.162547
v 1.695313 0.190000 -0.162547
v 1.701195 -0.190000 -0.182690
v 1.701195 0.190000 -0.182690
v 1.704785 -0.190000 -0.204534
v 1.704785 0.190000 -0.204534
v 1.706000 -0.190000 -0.228000
v 1.706000 0.190000 -0.228000
v 1.704689 -0.190000 -0.249227
v 1.704689 0.190000 -0.249227
v 1.700847 -0.190000 -0.269320
v 1.700847 0.190000 -0.269320
v 1.694610 -0.190000 -0.288141
v 1.694610 0.190000 -0.288141
v 1.686111 -0.190000 -0.305556
v 1.686111 0.190000 -0.305556
v 1.675488 -0.190000 -0.321429
v 1.675488 0.190000 -0.321429
v 1.662875 -0.190000 -0.335625
v 1.662875 0.190000 -0.335625
v 1.648408 -0.190000 -0.348009
v 1.648408 0.190000 -0.348009
v 1.632222 -0.190000 -0.358444
v 1.632222 0.190000 -0.358444
v 1.614453 -0.190000 -0.366797
v 1.614453 0.190000 -0.366797
v 1.595236 -0.190000 -0.372931
v 1.595236 0.190000 -0.372931
v 1.574707 -0.190000 -0.376710
v 1.574707 0.190000 -0.376710
v 1.553000 -0.190000 -0.378000
v 1.553000 0.190000 -0.378000
v 1.532501 -0.190000 -0.376711
v 1.532501 0.190000 -0.376711
v 1.513093 -0.190000 -0.372935
v 1.513093 0.190000 -0.372935
v 1.494906 -0.190000 -0.366813
v 1.494906 0.190000 -0.366813
v 1.478074 -0.190000 -0.358482
v 1.478074 0.190000 -0.358482
v 1.462728 -0.190000 -0.348081
v 1.462728 0.190000 -0.348081
v 1.449000 -0.190000 -0.335750
v 1.449000 0.190000 -0.335750
v 1.437022 -0.190000 -0.321627
v 1.437022 0.190000 -0.321627
v 1.426926 -0.190000 -0.305852
v 1.426926 0.190000 -0.305852
v 1.418844 -0.190000 -0.288563
v 1.418844 0.190000 -0.288563
v 1.412907 -0.190000 -0.269898
v 1.412907 0.190000 -0.269898
v 1.409249 -0.190000 -0.249998
v 1.409249 0.190000 -0.249998
v 1.408000 -0.190000 -0.229000
v 1.408000 0.190000 -0.229000
v 2.257586 -0.190000 -0.035395
v 2.257586 0.190000 -0.035395
v 2.244269 -0.190000 -0.027574
v 2.244269 0.190000 -0.027574
v 2.230938 -0.190000 -0.020531
v 2.230938 0.190000 -0.020531
v 2.217482 -0.190000 -0.014259
v 2.217482 0.190000 -0.014259
v 2.203790 -0.190000 -0.008751
v 2.203790 0.190000 -0.008751
v 2.189750 -0.190000 -0.004000
v 2.189750 0.190000 -0.004000
v 2.175253 -0.190000 0.000001
v 2.175253 0.190000 0.000001
v 2.160186 -0.190000 0.003259
v 2.160186 0.190000 0.003259
v 2.144438 -0.190000 0.005781
v 2.144438 0.190000 0.005781
v 2.127898 -0.190000 0.007574
v 2.127898 0.190000 0.007574
v 2.110456 -0.190000 0.008645
v 2.110456 0.190000 0.008645
v 2.092000 -0.190000 0.009000
v 2.092000 0.190000 0.009000
v 2.058301 -0.190000 0.006665
v 2.058301 0.190000 0.006665
v 2.027241 -0.190000 -0.000093
v 2.027241 0.190000 -0.000093
v 1.998875 -0.190000 -0.010906
v 1.998875 0.190000 -0.010906
v 1.973260 -0.190000 -0.025407
v 1.973260 0.190000 -0.025407
v 1.950449 -0.190000 -0.043228
v 1.950449 0.190000 -0.043228
v 1.930500 -0.190000 -0.064000
v 1.930500 0.190000 -0.064000
v 1.913468 -0.190000 -0.087355
v 1.913468 0.190000 -0.087355
v 1.899408 -0.190000 -0.112926
v 1.899408 0.190000 -0.112926
v 1.888375 -0.190000 -0.140344
v 1.888375 0.190000 -0.140344
v 1.880426 -0.190000 -0.169241
v 1.880426 0.190000 -0.169241
v 1.875616 -0.190000 -0.199249
v 1.875616 0.190000 -0.199249
v 1.874000 -0.190000 -0.230000
v 1.874000 0.190000 -0.230000
v 1.875764 -0.190000 -0.263056
v 1.875764 0.190000 -0.263056
v 1.880945 -0.190000 -0.294111
v 1.880945 0.190000 -0.294111
v 1.889375 -0.190000 -0.323000
v 1.889375 0.190000 -0.323000
v 1.900889 -0.190000 -0.349556
v 1.900889 0.190000 -0.349556
v 1.915320 -0.190000 -0.373611
v 1.915320 0.190000 -0.373611
v 1.932500 -0.190000 -0.395000
v 1.932500 0.190000 -0.395000
v 1.952264 -0.190000 -0.413556
v 1.952264 0.190000 -0.413556
v 1.974445 -0.190000 -0.429111
v 1.974445 0.190000 -0.429111
v 1.998875 -0.190000 -0.441500
v 1.998875 0.190000 -0.441500
v 2.025389 -0.190000 -0.450556
v 2.025389 0.190000 -0.450556
v 2.053820 -0.190000 -0.456111
v 2.053820 0.190000 -0.456111
v 2.084000 -0.190000 -0.458000
v 2.084000 0.190000 -0.458000
v 2.112835 -0.190000 -0.456310
v 2.112835 0.190000 -0.456310
v 2.139764 -0.190000 -0.451232
v 2.139764 0.190000 -0.451232
v 2.164672 -0.190000 -0.442750
v 2.164672 0.190000 -0.442750
v 2.187445 -0.190000 -0.430852
v 2.187445 0.190000 -0.430852
v 2.207967 -0.190000 -0.415523
v 2.207967 0.190000 -0.415523
v 2.226125 -0.190000 -0.396750
v 2.226125 0.190000 -0.396750
v 2.241804 -0.190000 -0.374519
v 2.241804 0.190000 -0.374519
v 2.254889 -0.190000 -0.348815
v 2.254889 0.190000 -0.348815
v 2.265266 -0.190000 -0.319625
v 2.265266 0.190000 -0.319625
v 2.272820 -0.190000 -0.286935
v 2.272820 0.190000 -0.286935
v 2.277436 -0.190000 -0.250731
v 2.277436 0.190000 -0.250731
v 2.279000 -0.190000 -0.211000
v 2.279000 0.190000 -0.211000
v 1.963000 -0.190000 -0.211000
v 1.963000 0.190000 -0.211000
v 1.967270 -0.190000 -0.189648
v 1.967270 0.190000 -0.189648
v 1.973074 -0.190000 -0.170097
v 1.973074 0.190000 -0.170097
v 1.980406 -0.190000 -0.152359
v 1.980406 0.190000 -0.152359
v 1.989259 -0.190000 -0.136444
v 1.989259 0.190000 -0.136444
v 1.999626 -0.190000 -0.122363
v 1.999626 0.190000 -0.122363
v 2.011500 -0.190000 -0.110125
v 2.011500 0.190000 -0.110125
v 2.024874 -0.190000 -0.099741
v 2.024874 0.190000 -0.099741
v 2.039741 -0.190000 -0.091222
v 2.039741 0.190000 -0.091222
v 2.056094 -0.190000 -0.084578
v 2.056094 0.190000 -0.084578
v 2.073926 -0.190000 -0.079819
v 2.073926 0.190000 -0.079819
v 2.093230 -0.190000 -0.076957
v 2.093230 0.190000 -0.076957
v 2.114000 -0.190000 -0.076000
v 2.114000 0.190000 -0.076000
v 2.127440 -0.190000 -0.076413
v 2.127440 0.190000 -0.076413
v 2.140769 -0.190000 -0.077639
v 2.140769 0.190000 -0.077639
v 2.154000 -0.190000 -0.079656
v 2.154000 0.190000 -0.079656
v 2.167148 -0.190000 -0.082444
v 2.167148 0.190000 -0.082444
v 2.180227 -0.190000 -0.085983
v 2.180227 0.190000 -0.085983
v 2.193250 -0.190000 -0.090250
v 2.193250 0.190000 -0.090250
v 2.206232 -0.190000 -0.095226
v 2.206232 0.190000 -0.095226
v 2.219185 -0.190000 -0.100889
v 2.219185 0.190000 -0.100889
v 2.232125 -0.190000 -0.107219
v 2.232125 0.190000 -0.107219
v 2.245065 -0.190000 -0.114194
v 2.245065 0.190000 -0.114194
v 2.258019 -0.190000 -0.121795
v 2.258019 0.190000 -0.121795
v 2.271000 -0.190000 -0.130000
v 2.271000 0.190000 -0.130000
v 2.271000 -0.190000 -0.044000
v 2.271000 0.190000 -0.044000
v 2.189507 -0.190000 -0.286469
v 2.189507 0.190000 -0.286469
v 2.186556 -0.190000 -0.301833
v 2.186556 0.190000 -0.301833
v 2.182188 -0.190000 -0.316031
v 2.182188 0.190000 -0.316031
v 2.176445 -0.190000 -0.329000
v 2.176445 0.190000 -0.329000
v 2.169368 -0.190000 -0.340677
v 2.169368 0.190000 -0.340677
v 2.161000 -0.190000 -0.351000
v 2.161000 0.190000 -0.351000
v 2.151382 -0.190000 -0.359906
v 2.151382 0.190000 -0.359906
v 2.140556 -0.190000 -0.367333
v 2.140556 0.190000 -0.367333
v 2.128563 -0.190000 -0.373219
v 2.128563 0.190000 -0.373219
v 2.115445 -0.190000 -0.377500
v 2.115445 0.190000 -0.377500
v 2.101243 -0.190000 -0.380115
v 2.101243 0.190000 -0.380115
v 2.086000 -0.190000 -0.381000
v 2.086000 0.190000 -0.381000
v 2.069563 -0.190000 -0.380172
v 2.069563 0.190000 -0.380172
v 2.054259 -0.190000 -0.377708
v 2.054259 0.190000 -0.377708
v 2.040094 -0.190000 -0.373641
v 2.040094 0.190000 -0.373641
v 2.027074 -0.190000 -0.368000
v 2.027074 0.190000 -0.368000
v 2.015207 -0.190000 -0.360818
v 2.015207 0.190000 -0.360818
v 2.004500 -0.190000 -0.352125
v 2.004500 0.190000 -0.352125
v 1.994960 -0.190000 -0.341953
v 1.994960 0.190000 -0.341953
v 1.986593 -0.190000 -0.330333
v 1.986593 0.190000 -0.330333
v 1.979406 -0.190000 -0.317297
v 1.979406 0.190000 -0.317297
v 1.973408 -0.190000 -0.302875
v 1.973408 0.190000 -0.302875
v 1.968603 -0.190000 -0.287099
v 1.968603 0.190000 -0.287099
v 1.965000 -0.190000 -0.270000
v 1.965000 0.190000 -0.270000
v 2.191000 -0.190000 -0.270000
v 2.191000 0.190000 -0.270000
v 2.621000 -0.190000 -0.449000
v 2.621000 0.190000 -0.449000
v 2.621000 -0.190000 -0.369000
v 2.621000 0.190000 -0.369000
v 2.479000 -0.190000 -0.369000
v 2.479000 0.190000 -0.369000
v 2.479000 -0.190000 -0.139000
v 2.479000 0.190000 -0.139000
v 2.479763 -0.190000 -0.126528
v 2.479763 0.190000 -0.126528
v 2.481936 -0.190000 -0.115560
v 2.481936 0.190000 -0.115560
v 2.485344 -0.190000 -0.106016
v 2.485344 0.190000 -0.106016
v 2.489815 -0.190000 -0.097815
v 2.489815 0.190000 -0.097815
v 2.495175 -0.190000 -0.090878
v 2.495175 0.190000 -0.090878
v 2.501250 -0.190000 -0.085125
v 2.501250 0.190000 -0.085125
v 2.507867 -0.190000 -0.080476
v 2.507867 0.190000 -0.080476
v 2.514852 -0.190000 -0.076852
v 2.514852 0.190000 -0.076852
v 2.522032 -0.190000 -0.074172
v 2.522032 0.190000 -0.074172
v 2.529232 -0.190000 -0.072356
v 2.529232 0.190000 -0.072356
v 2.536279 -0.190000 -0.071326
v 2.536279 0.190000 -0.071326
v 2.543000 -0.190000 -0.071000
v 2.543000 0.190000 -0.071000
v 2.551022 -0.190000 -0.071229
v 2.551022 0.190000 -0.071229
v 2.559093 -0.190000 -0.071917
v 2.559093 0.190000 -0.071917
v 2.567219 -0.190000 -0.073063
v 2.567219 0.190000 -0.073063
v 2.575408 -0.190000 -0.074667
v 2.575408 0.190000 -0.074667
v 2.583666 -0.190000 -0.076729
v 2.583666 0.190000 -0.076729
v 2.592000 -0.190000 -0.079250
v 2.592000 0.190000 -0.079250
v 2.600418 -0.190000 -0.082229
v 2.600418 0.190000 -0.082229
v 2.608927 -0.190000 -0.085667
v 2.608927 0.190000 -0.085667
v 2.617532 -0.190000 -0.089563
v 2.617532 0.190000 -0.089563
v 2.626241 -0.190000 -0.093917
v 2.626241 0.190000 -0.093917
v 2.635062 -0.190000 -0.098729
v 2.635062 0.190000 -0.098729
v 2.644000 -0.190000 -0.104000
v 2.644000 0.190000 -0.104000
v 2.644000 -0.190000 -0.021000
v 2.644000 0.190000 -0.021000
v 2.635917 -0.190000 -0.016839
v 2.635917 0.190000 -0.016839
v 2.627250 -0.190000 -0.012875
v 2.627250 0.190000 -0.012875
v 2.618125 -0.190000 -0.009141
v 2.618125 0.190000 -0.009141
v 2.608667 -0.190000 -0.005667
v 2.608667 0.190000 -0.005667
v 2.599000 -0.190000 -0.002484
v 2.599000 0.190000 -0.002484
v 2.589251 -0.190000 0.000375
v 2.589251 0.190000 0.000375
v 2.579542 -0.190000 0.002880
v 2.579542 0.190000 0.002880
v 2.570000 -0.190000 0.005000
v 2.570000 0.190000 0.005000
v 2.560750 -0.190000 0.006703
v 2.560750 0.190000 0.006703
v 2.551917 -0.190000 0.007958
v 2.551917 0.190000 0.007958
v 2.543625 -0.190000 0.008734
v 2.543625 0.190000 0.008734
v 2.536000 -0.190000 0.009000
v 2.536000 0.190000 0.009000
v 2.512751 -0.190000 0.007773
v 2.512751 0.190000 0.007773
v 2.491505 -0.190000 0.004181
v 2.491505 0.190000 0.004181
v 2.472266 -0.190000 -0.001641
v 2.472266 0.190000 -0.001641
v 2.455037 -0.190000 -0.009556
v 2.455037 0.190000 -0.009556
v 2.439823 -0.190000 -0.019429
v 2.439823 0.190000 -0.019429
v 2.426625 -0.190000 -0.031125
v 2.426625 0.190000 -0.031125
v 2.415449 -0.190000 -0.044509
v 2.415449 0.190000 -0.044509
v 2.406296 -0.190000 -0.059444
v 2.406296 0.190000 -0.059444
v 2.399172 -0.190000 -0.075797
v 2.399172 0.190000 -0.075797
v 2.394079 -0.190000 -0.093431
v 2.394079 0.190000 -0.093431
v 2.391021 -0.190000 -0.112210
v 2.391021 0.190000 -0.112210
v 2.390000 -0.190000 -0.132000
v 2.390000 0.190000 -0.132000
v 2.390000 -0.190000 -0.369000
v 2.390000 0.190000 -0.369000
v 2.312000 -0.190000 -0.369000
v 2.312000 0.190000 -0.369000
v 2.312000 -0.190000 -0.379000
v 2.312000 0.190000 -0.379000
v 2.479000 -0.190000 -0.542000
v 2.479000 0.190000 -0.542000
v 2.479000 -0.190000 -0.449000
v 2.479000 0.190000 -0.449000
v 3.046230 -0.190000 -0.019639
v 3.046230 0.190000 -0.019639
v 3.037338 -0.190000 -0.014032
v 3.037338 0.190000 -0.014032
v 3.029203 -0.190000 -0.009141
v 3.029203 0.190000 -0.009141
v 3.021704 -0.190000 -0.004926
v 3.021704 0.190000 -0.004926
v 3.014719 -0.190000 -0.001350
v 3.014719 0.190000 -0.001350
v 3.008125 -0.190000 0.001625
v 3.008125 0.190000 0.001625
v 3.001803 -0.190000 0.004038
v 3.001803 0.190000 0.004038
v 2.995630 -0.190000 0.005926
v 2.995630 0.190000 0.005926
v 2.989485 -0.190000 0.007328
v 2.989485 0.190000 0.007328
v 2.983246 -0.190000 0.008282
v 2.983246 0.190000 0.008282
v 2.976791 -0.190000 0.008827
v 2.976791 0.190000 0.008827
v 2.970000 -0.190000 0.009000
v 2.970000 0.190000 0.009000
v 2.960623 -0.190000 0.008706
v 2.960623 0.190000 0.008706
v 2.951977 -0.190000 0.007815
v 2.951977 0.190000 0.007815
v 2.944047 -0.190000 0.006313
v 2.944047 0.190000 0.006313
v 2.936815 -0.190000 0.004185
v 2.936815 0.190000 0.004185
v 2.930264 -0.190000 0.001419
v 2.930264 0.190000 0.001419
v 2.924376 -0.190000 -0.002000
v 2.924376 0.190000 -0.002000
v 2.919133 -0.190000 -0.006086
v 2.919133 0.190000 -0.006086
v 2.914519 -0.190000 -0.010852
v 2.914519 0.190000 -0.010852
v 2.910516 -0.190000 -0.016312
v 2.910516 0.190000 -0.016312
v 2.907107 -0.190000 -0.022481
v 2.907107 0.190000 -0.022481
v 2.904274 -0.190000 -0.029373
v 2.904274 0.190000 -0.029373
v 2.902000 -0.190000 -0.037000
v 2.902000 0.190000 -0.037000
v 2.892210 -0.190000 -0.029583
v 2.892210 0.190000 -0.029583
v 2.882343 -0.190000 -0.022829
v 2.882343 0.190000 -0.022829
v 2.872406 -0.190000 -0.016734
v 2.872406 0.190000 -0.016734
v 2.862407 -0.190000 -0.011296
v 2.862407 0.190000 -0.011296
v 2.852353 -0.190000 -0.006511
v 2.852353 0.190000 -0.006511
v 2.842250 -0.190000 -0.002375
v 2.842250 0.190000 -0.002375
v 2.832105 -0.190000 0.001115
v 2.832105 0.190000 0.001115
v 2.821926 -0.190000 0.003963
v 2.821926 0.190000 0.003963
v 2.811719 -0.190000 0.006172
v 2.811719 0.190000 0.006172
v 2.801491 -0.190000 0.007745
v 2.801491 0.190000 0.007745
v 2.791249 -0.190000 0.008687
v 2.791249 0.190000 0.008687
v 2.781000 -0.190000 0.009000
v 2.781000 0.190000 0.009000
v 2.764971 -0.190000 0.007943
v 2.764971 0.190000 0.007943
v 2.749935 -0.190000 0.004880
v 2.749935 0.190000 0.004880
v 2.735969 -0.190000 -0.000031
v 2.735969 0.190000 -0.000031
v 2.723148 -0.190000 -0.006630
v 2.723148 0.190000 -0.006630
v 2.711550 -0.190000 -0.014756
v 2.711550 0.190000 -0.014756
v 2.701250 -0.190000 -0.024250
v 2.701250 0.190000 -0.024250
v 2.692326 -0.190000 -0.034953
v 2.692326 0.190000 -0.034953
v 2.684852 -0.190000 -0.046704
v 2.684852 0.190000 -0.046704
v 2.678906 -0.190000 -0.059344
v 2.678906 0.190000 -0.059344
v 2.674565 -0.190000 -0.072713
v 2.674565 0.190000 -0.072713
v 2.671904 -0.190000 -0.086652
v 2.671904 0.190000 -0.086652
v 2.671000 -0.190000 -0.101000
v 2.671000 0.190000 -0.101000
v 2.672636 -0.190000 -0.121994
v 2.672636 0.190000 -0.121994
v 2.677334 -0.190000 -0.140616
v 2.677334 0.190000 -0.140616
v 2.684782 -0.190000 -0.157078
v 2.684782 0.190000 -0.157078
v 2.694667 -0.190000 -0.171593
v 2.694667 0.190000 -0.171593
v 2.706677 -0.190000 -0.184371
v 2.706677 0.190000 -0.184371
v 2.720500 -0.190000 -0.195625
v 2.720500 0.190000 -0.195625
v 2.735823 -0.190000 -0.205567
v 2.735823 0.190000 -0.205567
v 2.752334 -0.190000 -0.214407
v 2.752334 0.190000 -0.214407
v 2.769719 -0.190000 -0.222359
v 2.769719 0.190000 -0.222359
v 2.787667 -0.190000 -0.229634
v 2.787667 0.190000 -0.229634
v 2.805865 -0.190000 -0.236444
v 2.805865 0.190000 -0.236444
v 2.824000 -0.190000 -0.243000
v 2.824000 0.190000 -0.243000
v 2.903000 -0.190000 -0.271000
v 2.903000 0.190000 -0.271000
v 2.903000 -0.190000 -0.295000
v 2.903000 0.190000 -0.295000
v 2.902438 -0.190000 -0.308318
v 2.902438 0.190000 -0.308318
v 2.900750 -0.190000 -0.320296
v 2.900750 0.190000 -0.320296
v 2.897938 -0.190000 -0.330969
v 2.897938 0.190000 -0.330969
v 2.894000 -0.190000 -0.340370
v 2.894000 0.190000 -0.340370
v 2.888938 -0.190000 -0.348536
v 2.888938 0.190000 -0.348536
v 2.882750 -0.190000 -0.355500
v 2.882750 0.190000 -0.355500
v 2.875438 -0.190000 -0.361297
v 2.875438 0.190000 -0.361297
v 2.867000 -0.190000 -0.365963
v 2.867000 0.190000 -0.365963
v 2.857438 -0.190000 -0.369531
v 2.857438 0.190000 -0.369531
v 2.846750 -0.190000 -0.372037
v 2.846750 0.190000 -0.372037
v 2.834938 -0.190000 -0.373515
v 2.834938 0.190000 -0.373515
v 2.822000 -0.190000 -0.374000
v 2.822000 0.190000 -0.374000
v 2.809734 -0.190000 -0.373518
v 2.809734 0.190000 -0.373518
v 2.797454 -0.190000 -0.372060
v 2.797454 0.190000 -0.372060
v 2.785187 -0.190000 -0.369609
v 2.785187 0.190000 -0.369609
v 2.772963 -0.190000 -0.366148
v 2.772963 0.190000 -0.366148
v 2.760808 -0.190000 -0.361659
v 2.760808 0.190000 -0.361659
v 2.748750 -0.190000 -0.356125
v 2.748750 0.190000 -0.356125
v 2.736817 -0.190000 -0.349528
v 2.736817 0.190000 -0.349528
v 2.725037 -0.190000 -0.341852
v 2.725037 0.190000 -0.341852
v 2.713438 -0.190000 -0.333078
v 2.713438 0.190000 -0.333078
v 2.702047 -0.190000 -0.323190
v 2.702047 0.190000 -0.323190
v 2.690892 -0.190000 -0.312170
v 2.690892 0.190000 -0.312170
v 2.680000 -0.190000 -0.300000
v 2.680000 0.190000 -0.300000
v 2.680000 -0.190000 -0.397000
v 2.680000 0.190000 -0.397000
v 2.689043 -0.190000 -0.406813
v 2.689043 0.190000 -0.406813
v 2.698676 -0.190000 -0.415755
v 2.698676 0.190000 -0.415755
v 2.708907 -0.190000 -0.423828
v 2.708907 0.190000 -0.423828
v 2.719741 -0.190000 -0.431037
v 2.719741 0.190000 -0.431037
v 2.731187 -0.190000 -0.437385
v 2.731187 0.190000 -0.437385
v 2.743250 -0.190000 -0.442875
v 2.743250 0.190000 -0.442875
v 2.755939 -0.190000 -0.447511
v 2.755939 0.190000 -0.447511
v 2.769260 -0.190000 -0.451296
v 2.769260 0.190000 -0.451296
v 2.783219 -0.190000 -0.454234
v 2.783219 0.190000 -0.454234
v 2.797824 -0.190000 -0.456329
v 2.797824 0.190000 -0.456329
v 2.813082 -0.190000 -0.457583
v 2.813082 0.190000 -0.457583
v 2.829000 -0.190000 -0.458000
v 2.829000 0.190000 -0.458000
v 2.851324 -0.190000 -0.457036
v 2.851324 0.190000 -0.457036
v 2.872671 -0.190000 -0.454120
v 2.872671 0.190000 -0.454120
v 2.892859 -0.190000 -0.449219
v 2.892859 0.190000 -0.449219
v 2.911704 -0.190000 -0.442296
v 2.911704 0.190000 -0.442296
v 2.929020 -0.190000 -0.433318
v 2.929020 0.190000 -0.433318
v 2.944625 -0.190000 -0.422250
v 2.944625 0.190000 -0.422250
v 2.958334 -0.190000 -0.409057
v 2.958334 0.190000 -0.409057
v 2.969963 -0.190000 -0.393704
v 2.969963 0.190000 -0.393704
v 2.979328 -0.190000 -0.376156
v 2.979328 0.190000 -0.376156
v 2.986245 -0.190000 -0.356380
v 2.986245 0.190000 -0.356380
v 2.990531 -0.190000 -0.334339
v 2.990531 0.190000 -0.334339
v 2.992000 -0.190000 -0.310000
v 2.992000 0.190000 -0.310000
v 2.992000 -0.190000 -0.079000
v 2.992000 0.190000 -0.079000
v 2.992125 -0.190000 -0.074976
v 2.992125 0.190000 -0.074976
v 2.992496 -0.190000 -0.071394
v 2.992496 0.190000 -0.071394
v 2.993109 -0.190000 -0.068234
v 2.993109 0.190000 -0.068234
v 2.993963 -0.190000 -0.065481
v 2.993963 0.190000 -0.065481
v 2.995053 -0.190000 -0.063117
v 2.995053 0.190000 -0.063117
v 2.996375 -0.190000 -0.061125
v 2.996375 0.190000 -0.061125
v 2.997927 -0.190000 -0.059487
v 2.997927 0.190000 -0.059487
v 2.999704 -0.190000 -0.058185
v 2.999704 0.190000 -0.058185
v 3.001703 -0.190000 -0.057203
v 3.001703 0.190000 -0.057203
v 3.003922 -0.190000 -0.056523
v 3.003922 0.190000 -0.056523
v 3.006355 -0.190000 -0.056128
v 3.006355 0.190000 -0.056128
v 3.009000 -0.190000 -0.056000
v 3.009000 0.190000 -0.056000
v 3.011434 -0.190000 -0.056186
v 3.011434 0.190000 -0.056186
v 3.014218 -0.190000 -0.056736
v 3.014218 0.190000 -0.056736
v 3.017328 -0.190000 -0.057641
v 3.017328 0.190000 -0.057641
v 3.020741 -0.190000 -0.058889
v 3.020741 0.190000 -0.058889
v 3.024431 -0.190000 -0.060470
v 3.024431 0.190000 -0.060470
v 3.028375 -0.190000 -0.062375
v 3.028375 0.190000 -0.062375
v 3.032548 -0.190000 -0.064592
v 3.032548 0.190000 -0.064592
v 3.036926 -0.190000 -0.067111
v 3.036926 0.190000 -0.067111
v 3.041485 -0.190000 -0.069922
v 3.041485 0.190000 -0.069922
v 3.046199 -0.190000 -0.073014
v 3.046199 0.190000 -0.073014
v 3.051046 -0.190000 -0.076377
v 3.051046 0.190000 -0.076377
v 3.056000 -0.190000 -0.080000
v 3.056000 0.190000 -0.080000
v 3.056000 -0.190000 -0.026000
v 3.056000 0.190000 -0.026000
v 2.884241 -0.190000 -0.215484
v 2.884241 0.190000 -0.215484
v 2.866093 -0.190000 -0.208875
v 2.866093 0.190000 -0.208875
v 2.848750 -0.190000 -0.202078
v 2.848750 0.190000 -0.202078
v 2.832408 -0.190000 -0.195000
v 2.832408 0.190000 -0.195000
v 2.817260 -0.190000 -0.187547
v 2.817260 0.190000 -0.187547
v 2.803500 -0.190000 -0.179625
v 2.803500 0.190000 -0.179625
v 2.791324 -0.190000 -0.171141
v 2.791324 0.190000 -0.171141
v 2.780926 -0.190000 -0.162000
v 2.780926 0.190000 -0.162000
v 2.772500 -0.190000 -0.152109
v 2.772500 0.190000 -0.152109
v 2.766241 -0.190000 -0.141375
v 2.766241 0.190000 -0.141375
v 2.762343 -0.190000 -0.129703
v 2.762343 0.190000 -0.129703
v 2.761000 -0.190000 -0.117000
v 2.761000 0.190000 -0.117000
v 2.761553 -0.190000 -0.107988
v 2.761553 0.190000 -0.107988
v 2.763172 -0.190000 -0.099486
v 2.763172 0.190000 -0.099486
v 2.765797 -0.190000 -0.091547
v 2.765797 0.190000 -0.091547
v 2.769371 -0.190000 -0.084222
v 2.769371 0.190000 -0.084222
v 2.773833 -0.190000 -0.077564
v 2.773833 0.190000 -0.077564
v 2.779125 -0.190000 -0.071625
v 2.779125 0.190000 -0.071625
v 2.785188 -0.190000 -0.066457
v 2.785188 0.190000 -0.066457
v 2.791963 -0.190000 -0.062111
v 2.791963 0.190000 -0.062111
v 2.799391 -0.190000 -0.058641
v 2.799391 0.190000 -0.058641
v 2.807412 -0.190000 -0.056097
v 2.807412 0.190000 -0.056097
v 2.815969 -0.190000 -0.054533
v 2.815969 0.190000 -0.054533
v 2.825000 -0.190000 -0.054000
v 2.825000 0.190000 -0.054000
v 2.831959 -0.190000 -0.054289
v 2.831959 0.190000 -0.054289
v 2.838834 -0.190000 -0.055144
v 2.838834 0.190000 -0.055144
v 2.845625 -0.190000 -0.056547
v 2.845625 0.190000 -0.056547
v 2.852334 -0.190000 -0.058481
v 2.852334 0.190000 -0.058481
v 2.858958 -0.190000 -0.060930
v 2.858958 0.190000 -0.060930
v 2.865500 -0.190000 -0.063875
v 2.865500 0.190000 -0.063875
v 2.871958 -0.190000 -0.067299
v 2.871958 0.190000 -0.067299
v 2.878334 -0.190000 -0.071185
v 2.878334 0.190000 -0.071185
v 2.884625 -0.190000 -0.075516
v 2.884625 0.190000 -0.075516
v 2.890834 -0.190000 -0.080273
v 2.890834 0.190000 -0.080273
v 2.896959 -0.190000 -0.085440
v 2.896959 0.190000 -0.085440
v 2.903000 -0.190000 -0.091000
v 2.903000 0.190000 -0.091000
v 2.903000 -0.190000 -0.222000
v 2.903000 0.190000 -0.222000
v 3.230000 -0.190000 -0.346000
v 3.230000 0.190000 -0.346000
v 3.232000 -0.190000 -0.346000
v 3.232000 0.190000 -0.346000
v 3.243210 -0.190000 -0.364799
v 3.243210 0.190000 -0.364799
v 3.254339 -0.190000 -0.381727
v 3.254339 0.190000 -0.381727
v 3.265391 -0.190000 -0.396828
v 3.265391 0.190000 -0.396828
v 3.276371 -0.190000 -0.410148
v 3.276371 0.190000 -0.410148
v 3.287281 -0.190000 -0.421732
v 3.287281 0.190000 -0.421732
v 3.298125 -0.190000 -0.431625
v 3.298125 0.190000 -0.431625
v 3.308907 -0.190000 -0.439872
v 3.308907 0.190000 -0.439872
v 3.319630 -0.190000 -0.446519
v 3.319630 0.190000 -0.446519
v 3.330297 -0.190000 -0.451609
v 3.330297 0.190000 -0.451609
v 3.340912 -0.190000 -0.455190
v 3.340912 0.190000 -0.455190
v 3.351479 -0.190000 -0.457305
v 3.351479 0.190000 -0.457305
v 3.362000 -0.190000 -0.458000
v 3.362000 0.190000 -0.458000
v 3.370962 -0.190000 -0.457645
v 3.370962 0.190000 -0.457645
v 3.379857 -0.190000 -0.456579
v 3.379857 0.190000 -0.456579
v 3.388704 -0.190000 -0.454797
v 3.388704 0.190000 -0.454797
v 3.397519 -0.190000 -0.452296
v 3.397519 0.190000 -0.452296
v 3.406321 -0.190000 -0.449074
v 3.406321 0.190000 -0.449074
v 3.415126 -0.190000 -0.445125
v 3.415126 0.190000 -0.445125
v 3.423951 -0.190000 -0.440447
v 3.423951 0.190000 -0.440447
v 3.432815 -0.190000 -0.435037
v 3.432815 0.190000 -0.435037
v 3.441735 -0.190000 -0.428891
v 3.441735 0.190000 -0.428891
v 3.450727 -0.190000 -0.422005
v 3.450727 0.190000 -0.422005
v 3.459810 -0.190000 -0.414376
v 3.459810 0.190000 -0.414376
v 3.469000 -0.190000 -0.406000
v 3.469000 0.190000 -0.406000
v 3.422000 -0.190000 -0.329000
v 3.422000 0.190000 -0.329000
v 3.415096 -0.190000 -0.335328
v 3.415096 0.190000 -0.335328
v 3.407935 -0.190000 -0.341287
v 3.407935 0.190000 -0.341287
v 3.400594 -0.190000 -0.346844
v 3.400594 0.190000 -0.346844
v 3.393148 -0.190000 -0.351963
v 3.393148 0.190000 -0.351963
v 3.385675 -0.190000 -0.356610
v 3.385675 0.190000 -0.356610
v 3.378250 -0.190000 -0.360750
v 3.378250 0.190000 -0.360750
v 3.370950 -0.190000 -0.364348
v 3.370950 0.190000 -0.364348
v 3.363852 -0.190000 -0.367370
v 3.363852 0.190000 -0.367370
v 3.357031 -0.190000 -0.369781
v 3.357031 0.190000 -0.369781
v 3.350565 -0.190000 -0.371546
v 3.350565 0.190000 -0.371546
v 3.344529 -0.190000 -0.372631
v 3.344529 0.190000 -0.372631
v 3.339000 -0.190000 -0.373000
v 3.339000 0.190000 -0.373000
v 3.324041 -0.190000 -0.371755
v 3.324041 0.190000 -0.371755
v 3.309746 -0.190000 -0.368125
v 3.309746 0.190000 -0.368125
v 3.296235 -0.190000 -0.362266
v 3.296235 0.190000 -0.362266
v 3.283630 -0.190000 -0.354333
v 3.283630 0.190000 -0.354333
v 3.272053 -0.190000 -0.344484
v 3.272053 0.190000 -0.344484
v 3.261625 -0.190000 -0.332875
v 3.261625 0.190000 -0.332875
v 3.252468 -0.190000 -0.319661
v 3.252468 0.190000 -0.319661
v 3.244704 -0.190000 -0.305000
v 3.244704 0.190000 -0.305000
v 3.238453 -0.190000 -0.289047
v 3.238453 0.190000 -0.289047
v 3.233838 -0.190000 -0.271958
v 3.233838 0.190000 -0.271958
v 3.230980 -0.190000 -0.253891
v 3.230980 0.190000 -0.253891
v 3.230000 -0.190000 -0.235000
v 3.230000 0.190000 -0.235000
v 3.230000 -0.190000 0.000000
v 3.230000 0.190000 0.000000
v 3.141000 -0.190000 0.000000
v 3.141000 0.190000 0.000000
v 3.141000 -0.190000 -0.449000
v 3.141000 0.190000 -0.449000
v 3.230000 -0.190000 -0.449000
v 3.230000 0.190000 -0.449000
v 3.869230 -0.190000 -0.019639
v 3.869230 0.190000 -0.019639
v 3.860338 -0.190000 -0.014032
v 3.860338 0.190000 -0.014032
v 3.852204 -0.190000 -0.009141
v 3.852204 0.190000 -0.009141
v 3.844704 -0.190000 -0.004926
v 3.844704 0.190000 -0.004926
v 3.837719 -0.190000 -0.001350
v 3.837719 0.190000 -0.001350
v 3.831125 -0.190000 0.001625
v 3.831125 0.190000 0.001625
v 3.824803 -0.190000 0.004038
v 3.824803 0.190000 0.004038
v 3.818630 -0.190000 0.005926
v 3.818630 0.190000 0.005926
v 3.812485 -0.190000 0.007328
v 3.812485 0.190000 0.007328
v 3.806246 -0.190000 0.008282
v 3.806246 0.190000 0.008282
v 3.799792 -0.190000 0.008827
v 3.799792 0.190000 0.008827
v 3.793000 -0.190000 0.009000
v 3.793000 0.190000 0.009000
v 3.783623 -0.190000 0.008706
v 3.783623 0.190000 0.008706
v 3.774977 -0.190000 0.007815
v 3.774977 0.190000 0.007815
v 3.767047 -0.190000 0.006313
v 3.767047 0.190000 0.006313
v 3.759815 -0.190000 0.004185
v 3.759815 0.190000 0.004185
v 3.753264 -0.190000 0.001419
v 3.753264 0.190000 0.001419
v 3.747376 -0.190000 -0.002000
v 3.747376 0.190000 -0.002000
v 3.742133 -0.190000 -0.006086
v 3.742133 0.190000 -0.006086
v 3.737519 -0.190000 -0.010852
v 3.737519 0.190000 -0.010852
v 3.733516 -0.190000 -0.016312
v 3.733516 0.190000 -0.016312
v 3.730107 -0.190000 -0.022481
v 3.730107 0.190000 -0.022481
v 3.727274 -0.190000 -0.029373
v 3.727274 0.190000 -0.029373
v 3.725000 -0.190000 -0.037000
v 3.725000 0.190000 -0.037000
v 3.715210 -0.190000 -0.029583
v 3.715210 0.190000 -0.029583
v 3.705343 -0.190000 -0.022829
v 3.705343 0.190000 -0.022829
v 3.695406 -0.190000 -0.016734
v 3.695406 0.190000 -0.016734
v 3.685408 -0.190000 -0.011296
v 3.685408 0.190000 -0.011296
v 3.675353 -0.190000 -0.006511
v 3.675353 0.190000 -0.006511
v 3.665250 -0.190000 -0.002375
v 3.665250 0.190000 -0.002375
v 3.655106 -0.190000 0.001115
v 3.655106 0.190000 0.001115
v 3.644926 -0.190000 0.003963
v 3.644926 0.190000 0.003963
v 3.634719 -0.190000 0.006172
v 3.634719 0.190000 0.006172
v 3.624491 -0.190000 0.007745
v 3.624491 0.190000 0.007745
v 3.614249 -0.190000 0.008687
v 3.614249 0.190000 0.008687
v 3.604000 -0.190000 0.009000
v 3.604000 0.190000 0.009000
v 3.587971 -0.190000 0.007943
v 3.587971 0.190000 0.007943
v 3.572935 -0.190000 0.004880
v 3.572935 0.190000 0.004880
v 3.558969 -0.190000 -0.000031
v 3.558969 0.190000 -0.000031
v 3.546149 -0.190000 -0.006630
v 3.546149 0.190000 -0.006630
v 3.534550 -0.190000 -0.014756
v 3.534550 0.190000 -0.014756
v 3.524251 -0.190000 -0.024250
v 3.524251 0.190000 -0.024250
v 3.515326 -0.190000 -0.034953
v 3.515326 0.190000 -0.034953
v 3.507852 -0.190000 -0.046704
v 3.507852 0.190000 -0.046704
v 3.501907 -0.190000 -0.059344
v 3.501907 0.190000 -0.059344
v 3.497565 -0.190000 -0.072713
v 3.497565 0.190000 -0.072713
v 3.494904 -0.190000 -0.086652
v 3.494904 0.190000 -0.086652
v 3.494000 -0.190000 -0.101000
v 3.494000 0.190000 -0.101000
v 3.495636 -0.190000 -0.121994
v 3.495636 0.190000 -0.121994
v 3.500334 -0.190000 -0.140616
v 3.500334 0.190000 -0.140616
v 3.507782 -0.190000 -0.157078
v 3.507782 0.190000 -0.157078
v 3.517667 -0.190000 -0.171593
v 3.517667 0.190000 -0.171593
v 3.529677 -0.190000 -0.184371
v 3.529677 0.190000 -0.184371
v 3.543500 -0.190000 -0.195625
v 3.543500 0.190000 -0.195625
v 3.558823 -0.190000 -0.205567
v 3.558823 0.190000 -0.205567
v 3.575334 -0.190000 -0.214407
v 3.575334 0.190000 -0.214407
v 3.592719 -0.190000 -0.222359
v 3.592719 0.190000 -0.222359
v 3.610667 -0.190000 -0.229634
v 3.610667 0.190000 -0.229634
v 3.628865 -0.190000 -0.236444
v 3.628865 0.190000 -0.236444
v 3.647000 -0.190000 -0.243000
v 3.647000 0.190000 -0.243000
v 3.726000 -0.190000 -0.271000
v 3.726000 0.190000 -0.271000
v 3.726000 -0.190000 -0.295000
v 3.726000 0.190000 -0.295000
v 3.725438 -0.190000 -0.308318
v 3.725438 0.190000 -0.308318
v 3.723750 -0.190000 -0.320296
v 3.723750 0.190000 -0.320296
v 3.720938 -0.190000 -0.330969
v 3.720938 0.190000 -0.330969
v 3.717000 -0.190000 -0.340370
v 3.717000 0.190000 -0.340370
v 3.711938 -0.190000 -0.348536
v 3.711938 0.190000 -0.348536
v 3.705750 -0.190000 -0.355500
v 3.705750 0.190000 -0.355500
v 3.698438 -0.190000 -0.361297
v 3.698438 0.190000 -0.361297
v 3.690001 -0.190000 -0.365963
v 3.690001 0.190000 -0.365963
v 3.680438 -0.190000 -0.369531
v 3.680438 0.190000 -0.369531
v 3.669750 -0.190000 -0.372037
v 3.669750 0.190000 -0.372037
v 3.657938 -0.190000 -0.373515
v 3.657938 0.190000 -0.373515
v 3.645000 -0.190000 -0.374000
v 3.645000 0.190000 -0.374000
v 3.632734 -0.190000 -0.373518
v 3.632734 0.190000 -0.373518
v 3.620454 -0.190000 -0.372060
v 3.620454 0.190000 -0.372060
v 3.608188 -0.190000 -0.369609
v 3.608188 0.190000 -0.369609
v 3.595963 -0.190000 -0.366148
v 3.595963 0.190000 -0.366148
v 3.583808 -0.190000 -0.361659
v 3.583808 0.190000 -0.361659
v 3.571750 -0.190000 -0.356125
v 3.571750 0.190000 -0.356125
v 3.559818 -0.190000 -0.349528
v 3.559818 0.190000 -0.349528
v 3.548038 -0.190000 -0.341852
v 3.548038 0.190000 -0.341852
v 3.536438 -0.190000 -0.333078
v 3.536438 0.190000 -0.333078
v 3.525047 -0.190000 -0.323190
v 3.525047 0.190000 -0.323190
v 3.513892 -0.190000 -0.312170
v 3.513892 0.190000 -0.312170
v 3.503000 -0.190000 -0.300000
v 3.503000 0.190000 -0.300000
v 3.503000 -0.190000 -0.397000
v 3.503000 0.190000 -0.397000
v 3.512043 -0.190000 -0.406813
v 3.512043 0.190000 -0.406813
v 3.521677 -0.190000 -0.415755
v 3.521677 0.190000 -0.415755
v 3.531907 -0.190000 -0.423828
v 3.531907 0.190000 -0.423828
v 3.542741 -0.190000 -0.431037
v 3.542741 0.190000 -0.431037
v 3.554187 -0.190000 -0.437385
v 3.554187 0.190000 -0.437385
v 3.566251 -0.190000 -0.442875
v 3.566251 0.190000 -0.442875
v 3.578939 -0.190000 -0.447511
v 3.578939 0.190000 -0.447511
v 3.592260 -0.190000 -0.451296
v 3.592260 0.190000 -0.451296
v 3.606219 -0.190000 -0.454234
v 3.606219 0.190000 -0.454234
v 3.620825 -0.190000 -0.456329
v 3.620825 0.190000 -0.456329
v 3.636083 -0.190000 -0.457583
v 3.636083 0.190000 -0.457583
v 3.652000 -0.190000 -0.458000
v 3.652000 0.190000 -0.458000
v 3.674324 -0.190000 -0.457036
v 3.674324 0.190000 -0.457036
v 3.695672 -0.190000 -0.454120
v 3.695672 0.190000 -0.454120
v 3.715860 -0.190000 -0.449219
v 3.715860 0.190000 -0.449219
v 3.734704 -0.190000 -0.442296
v 3.734704 0.190000 -0.442296
v 3.752021 -0.190000 -0.433318
v 3.752021 0.190000 -0.433318
v 3.767626 -0.190000 -0.422250
v 3.767626 0.190000 -0.422250
v 3.781334 -0.190000 -0.409057
v 3.781334 0.190000 -0.409057
v 3.792964 -0.190000 -0.393704
v 3.792964 0.190000 -0.393704
v 3.802329 -0.190000 -0.376156
v 3.802329 0.190000 -0.376156
v 3.809246 -0.190000 -0.356380
v 3.809246 0.190000 -0.356380
v 3.813531 -0.190000 -0.334339
v 3.813531 0.190000 -0.334339
v 3.815001 -0.190000 -0.310000
v 3.815001 0.190000 -0.310000
v 3.815001 -0.190000 -0.079000
v 3.815001 0.190000 -0.079000
v 3.815125 -0.190000 -0.074976
v 3.815125 0.190000 -0.074976
v 3.815496 -0.190000 -0.071394
v 3.815496 0.190000 -0.071394
v 3.816110 -0.190000 -0.068234
v 3.816110 0.190000 -0.068234
v 3.816964 -0.190000 -0.065481
v 3.816964 0.190000 -0.065481
v 3.818053 -0.190000 -0.063117
v 3.818053 0.190000 -0.063117
v 3.819376 -0.190000 -0.061125
v 3.819376 0.190000 -0.061125
v 3.820927 -0.190000 -0.059487
v 3.820927 0.190000 -0.059487
v 3.822704 -0.190000 -0.058185
v 3.822704 0.190000 -0.058185
v 3.824703 -0.190000 -0.057203
v 3.824703 0.190000 -0.057203
v 3.826922 -0.190000 -0.056523
v 3.826922 0.190000 -0.056523
v 3.829355 -0.190000 -0.056128
v 3.829355 0.190000 -0.056128
v 3.832000 -0.190000 -0.056000
v 3.832000 0.190000 -0.056000
v 3.834434 -0.190000 -0.056186
v 3.834434 0.190000 -0.056186
v 3.837218 -0.190000 -0.056736
v 3.837218 0.190000 -0.056736
v 3.840328 -0.190000 -0.057641
v 3.840328 0.190000 -0.057641
v 3.843741 -0.190000 -0.058889
v 3.843741 0.190000 -0.058889
v 3.847432 -0.190000 -0.060470
v 3.847432 0.190000 -0.060470
v 3.851376 -0.190000 -0.062375
v 3.851376 0.190000 -0.062375
v 3.855549 -0.190000 -0.064592
v 3.855549 0.190000 -0.064592
v 3.859926 -0.190000 -0.067111
v 3.859926 0.190000 -0.067111
v 3.864485 -0.190000 -0.069922
v 3.864485 0.190000 -0.069922
v 3.869200 -0.190000 -0.073014
v 3.869200 0.190000 -0.073014
v 3.874046 -0.190000 -0.076377
v 3.874046 0.190000 -0.076377
v 3.879000 -0.190000 -0.080000
v 3.879000 0.190000 -0.080000
v 3.879000 -0.190000 -0.026000
v 3.879000 0.190000 -0.026000
v 3.707241 -0.190000 -0.215484
v 3.707241 0.190000 -0.215484
v 3.689093 -0.190000 -0.208875
v 3.689093 0.190000 -0.208875
v 3.671751 -0.190000 -0.202078
v 3.671751 0.190000 -0.202078
v 3.655408 -0.190000 -0.195000
v 3.655408 0.190000 -0.195000
v 3.640260 -0.190000 -0.187547
v 3.640260 0.190000 -0.187547
v 3.626500 -0.190000 -0.179625
v 3.626500 0.190000 -0.179625
v 3.614324 -0.190000 -0.171141
v 3.614324 0.190000 -0.171141
v 3.603926 -0.190000 -0.162000
v 3.603926 0.190000 -0.162000
v 3.595500 -0.190000 -0.152109
v 3.595500 0.190000 -0.152109
v 3.589241 -0.190000 -0.141375
v 3.589241 0.190000 -0.141375
v 3.585343 -0.190000 -0.129703
v 3.585343 0.190000 -0.129703
v 3.584000 -0.190000 -0.117000
v 3.584000 0.190000 -0.117000
v 3.584553 -0.190000 -0.107988
v 3.584553 0.190000 -0.107988
v 3.586172 -0.190000 -0.099486
v 3.586172 0.190000 -0.099486
v 3.588798 -0.190000 -0.091547
v 3.588798 0.190000 -0.091547
v 3.592371 -0.190000 -0.084222
v 3.592371 0.190000 -0.084222
v 3.596833 -0.190000 -0.077564
v 3.596833 0.190000 -0.077564
v 3.602126 -0.190000 -0.071625
v 3.602126 0.190000 -0.071625
v 3.608189 -0.190000 -0.066457
v 3.608189 0.190000 -0.066457
v 3.614964 -0.190000 -0.062111
v 3.614964 0.190000 -0.062111
v 3.622391 -0.190000 -0.058641
v 3.622391 0.190000 -0.058641
v 3.630413 -0.190000 -0.056097
v 3.630413 0.190000 -0.056097
v 3.638969 -0.190000 -0.054533
v 3.638969 0.190000 -0.054533
v 3.648000 -0.190000 -0.054000
v 3.648000 0.190000 -0.054000
v 3.654958 -0.190000 -0.054289
v 3.654958 0.190000 -0.054289
v 3.661834 -0.190000 -0.055144
v 3.661834 0.190000 -0.055144
v 3.668625 -0.190000 -0.056547
v 3.668625 0.190000 -0.056547
v 3.675333 -0.190000 -0.058481
v 3.675333 0.190000 -0.058481
v 3.681958 -0.190000 -0.060930
v 3.681958 0.190000 -0.060930
v 3.688500 -0.190000 -0.063875
v 3.688500 0.190000 -0.063875
v 3.694958 -0.190000 -0.067299
v 3.694958 0.190000 -0.067299
v 3.701334 -0.190000 -0.071185
v 3.701334 0.190000 -0.071185
v 3.707625 -0.190000 -0.075516
v 3.707625 0.190000 -0.075516
v 3.713834 -0.190000 -0.080273
v 3.713834 0.190000 -0.080273
v 3.719959 -0.190000 -0.085440
v 3.719959 0.190000 -0.085440
v 3.726000 -0.190000 -0.091000
v 3.726000 0.190000 -0.091000
v 3.726000 -0.190000 -0.222000
v 3.726000 0.190000 -0.222000
vn -0.0000 1.0000 -0.0000
vn -0.0000 -1.0000 -0.0000
vn 0.9973 -0.0000 0.0736
vn 0.9876 -0.0000 0.1569
vn 0.9676 -0.0000 0.2526
vn 0.9326 -0.0000 0.3608
vn 0.8775 -0.0000 0.4797
vn 0.7972 -0.0000 0.6037
vn 0.6899 -0.0000 0.7239
vn 0.5588 -0.0000 0.8293
vn 0.4133 -0.0000 0.9106
vn 0.2655 -0.0000 0.9641
vn 0.1262 -0.0000 0.9920
vn 0.0264 -0.0000 0.9997
vn -0.0140 -0.0000 0.9999
vn -0.0281 -0.0000 0.9996
vn -0.0420 -0.0000 0.9991
vn -0.0553 -0.0000 0.9985
vn -0.0675 -0.0000 0.9977
vn -0.0784 -0.0000 0.9969
vn -0.0875 -0.0000 0.9962
vn -0.0944 -0.0000 0.9955
vn -0.0991 -0.0000 0.9951
vn -0.1014 -0.0000 0.9948
vn -0.6730 -0.0000 0.7397
vn -0.7727 -0.0000 -0.6348
vn -0.0225 -0.0000 -0.9997
vn -0.1015 -0.0000 -0.9948
vn -0.2314 -0.0000 -0.9729
vn -0.3931 -0.0000 -0.9195
vn -0.5720 -0.0000 -0.8202
vn -0.7379 -0.0000 -0.6749
vn -0.8620 -0.0000 -0.5070
vn -0.9370 -0.0000 -0.3492
vn -0.9751 -0.0000 -0.2217
vn -0.9917 -0.0000 -0.1283
vn -0.9979 -0.0000 -0.0646
vn -0.9997 -0.0000 -0.0244
vn -1.0000 -0.0000 -0.0047
vn -0.7071 -0.0000 -0.7071
vn 0.7071 -0.0000 -0.7071
vn 0.9998 -0.0000 0.0174
vn 0.9928 -0.0000 0.1201
vn 0.9697 -0.0000 0.2444
vn 0.9289 -0.0000 0.3702
vn 0.8697 -0.0000 0.4936
vn 0.7923 -0.0000 0.6101
vn 0.6988 -0.0000 0.7153
vn 0.5921 -0.0000 0.8058
vn 0.4763 -0.0000 0.8793
vn 0.3557 -0.0000 0.9346
vn 0.2341 -0.0000 0.9722
vn 0.1149 -0.0000 0.9934
vn -0.0023 -0.0000 1.0000
vn -0.1232 -0.0000 0.9924
vn -0.2485 -0.0000 0.9686
vn -0.3731 -0.0000 0.9278
vn -0.4937 -0.0000 0.8697
vn -0.6067 -0.0000 0.7949
vn -0.7092 -0.0000 0.7050
vn -0.7983 -0.0000 0.6022
vn -0.8721 -0.0000 0.4894
vn -0.9292 -0.0000 0.3695
vn -0.9693 -0.0000 0.2460
vn -0.9925 -0.0000 0.1220
vn -1.0000 -0.0000 -0.0032
vn -0.9911 -0.0000 -0.1334
vn -0.9641 -0.0000 -0.2654
vn -0.9198 -0.0000 -0.3925
vn -0.8591 -0.0000 -0.5118
vn -0.7838 -0.0000 -0.6210
vn -0.6955 -0.0000 -0.7185
vn -0.5960 -0.0000 -0.8030
vn -0.4873 -0.0000 -0.8733
vn -0.3710 -0.0000 -0.9286
vn -0.2495 -0.0000 -0.9684
vn -0.1250 -0.0000 -0.9922
vn -0.0025 -0.0000 -1.0000
vn 0.1158 -0.0000 -0.9933
vn 0.2341 -0.0000 -0.9722
vn 0.3530 -0.0000 -0.9356
vn 0.4699 -0.0000 -0.8827
vn 0.5819 -0.0000 -0.8133
vn 0.6859 -0.0000 -0.7277
vn 0.7788 -0.0000 -0.6272
vn 0.8578 -0.0000 -0.5140
vn 0.9204 -0.0000 -0.3909
vn 0.9652 -0.0000 -0.2616
vn 0.9915 -0.0000 -0.1302
vn 1.0000 -0.0000 -0.0027
vn 0.9942 -0.0000 -0.1075
vn 0.9755 -0.0000 -0.2202
vn 0.9416 -0.0000 -0.3368
vn 0.8907 -0.0000 -0.4546
vn 0.8217 -0.0000 -0.5699
vn 0.7346 -0.0000 -0.6786
vn 0.6308 -0.0000 -0.7760
vn 0.5135 -0.0000 -0.8581
vn 0.3870 -0.0000 -0.9221
vn 0.2563 -0.0000 -0.9666
vn 0.1262 -0.0000 -0.9920
vn 0.0038 -0.0000 -1.0000
vn -0.1123 -0.0000 -0.9937
vn -0.2318 -0.0000 -0.9728
vn -0.3568 -0.0000 -0.9342
vn -0.4830 -0.0000 -0.8756
vn -0.6045 -0.0000 -0.7966
vn -0.7152 -0.0000 -0.6989
vn -0.8098 -0.0000 -0.5867
vn -0.8848 -0.0000 -0.4659
vn -0.9395 -0.0000 -0.3425
vn -0.9751 -0.0000 -0.2216
vn -0.9942 -0.0000 -0.1071
vn -1.0000 -0.0000 0.0050
vn -0.9922 -0.0000 0.1250
vn -0.9678 -0.0000 0.2517
vn -0.9260 -0.0000 0.3774
vn -0.8669 -0.0000 0.4985
vn -0.7912 -0.0000 0.6116
vn -0.7006 -0.0000 0.7136
vn -0.5975 -0.0000 0.8019
vn -0.4847 -0.0000 0.8747
vn -0.3655 -0.0000 0.9308
vn -0.2431 -0.0000 0.9700
vn -0.1204 -0.0000 0.9927
vn 0.0017 -0.0000 1.0000
vn 0.1271 -0.0000 0.9919
vn 0.2556 -0.0000 0.9668
vn 0.3822 -0.0000 0.9241
vn 0.5035 -0.0000 0.8640
vn 0.6161 -0.0000 0.7877
vn 0.7171 -0.0000 0.6970
vn 0.8043 -0.0000 0.5943
vn 0.8760 -0.0000 0.4823
vn 0.9314 -0.0000 0.3640
vn 0.9702 -0.0000 0.2424
vn 0.9927 -0.0000 0.1203
vn 1.0000 -0.0000 0.0035
vn 0.9251 -0.0000 0.3797
vn -0.3867 -0.0000 0.9222
vn -0.9998 -0.0000 0.0206
vn -0.4057 -0.0000 -0.9140
vn 0.9104 -0.0000 -0.4138
vn 0.9993 -0.0000 -0.0372
vn -0.7071 -0.0000 0.7071
vn 0.7071 -0.0000 0.7071
vn -0.9678 -0.0000 0.2518
vn 0.5233 -0.0000 0.8522
vn 0.4869 -0.0000 0.8735
vn 0.4449 -0.0000 0.8956
vn 0.3980 -0.0000 0.9174
vn 0.3470 -0.0000 0.9379
vn 0.2934 -0.0000 0.9560
vn 0.2388 -0.0000 0.9711
vn 0.1848 -0.0000 0.9828
vn 0.1330 -0.0000 0.9911
vn 0.0845 -0.0000 0.9964
vn 0.0403 -0.0000 0.9992
vn -0.0250 -0.0000 0.9997
vn -0.1412 -0.0000 0.9900
vn -0.2852 -0.0000 0.9585
vn -0.4256 -0.0000 0.9049
vn -0.5557 -0.0000 0.8314
vn -0.6701 -0.0000 0.7422
vn -0.7664 -0.0000 0.6424
vn -0.8438 -0.0000 0.5366
vn -0.9036 -0.0000 0.4283
vn -0.9475 -0.0000 0.3198
vn -0.9773 -0.0000 0.2121
vn -0.9944 -0.0000 0.1055
vn -1.0000 -0.0000 -0.0004
vn -0.9940 -0.0000 -0.1091
vn -0.9749 -0.0000 -0.2227
vn -0.9406 -0.0000 -0.3396
vn -0.8894 -0.0000 -0.4571
vn -0.8205 -0.0000 -0.5717
vn -0.7339 -0.0000 -0.6793
vn -0.6309 -0.0000 -0.7758
vn -0.5145 -0.0000 -0.8575
vn -0.3887 -0.0000 -0.9214
vn -0.2581 -0.0000 -0.9661
vn -0.1274 -0.0000 -0.9919
vn -0.0020 -0.0000 -1.0000
vn 0.1222 -0.0000 -0.9925
vn 0.2545 -0.0000 -0.9671
vn 0.3939 -0.0000 -0.9192
vn 0.5325 -0.0000 -0.8465
vn 0.6607 -0.0000 -0.7506
vn 0.7703 -0.0000 -0.6377
vn 0.8564 -0.0000 -0.5163
vn 0.9186 -0.0000 -0.3951
vn 0.9599 -0.0000 -0.2805
vn 0.9844 -0.0000 -0.1760
vn 0.9966 -0.0000 -0.0830
vn 0.7209 -0.0000 0.6931
vn 0.7733 -0.0000 0.6340
vn 0.9706 -0.0000 -0.2406
vn 0.9427 -0.0000 -0.3338
vn 0.9005 -0.0000 -0.4348
vn 0.8413 -0.0000 -0.5406
vn 0.7633 -0.0000 -0.6461
vn 0.6671 -0.0000 -0.7449
vn 0.5566 -0.0000 -0.8308
vn 0.4378 -0.0000 -0.8991
vn 0.3177 -0.0000 -0.9482
vn 0.2026 -0.0000 -0.9793
vn 0.0965 -0.0000 -0.9953
vn 0.0076 -0.0000 -1.0000
vn -0.0612 -0.0000 -0.9981
vn -0.1212 -0.0000 -0.9926
vn -0.1792 -0.0000 -0.9838
vn -0.2344 -0.0000 -0.9721
vn -0.2864 -0.0000 -0.9581
vn -0.3347 -0.0000 -0.9423
vn -0.3793 -0.0000 -0.9253
vn -0.4201 -0.0000 -0.9075
vn -0.4571 -0.0000 -0.8894
vn -0.4904 -0.0000 -0.8715
vn -0.5202 -0.0000 -0.8540
vn 0.4826 -0.0000 -0.8759
vn 0.8775 -0.0000 0.4796
vn -0.9902 -0.0000 0.1396
vn -0.9704 -0.0000 0.2417
vn -0.9367 -0.0000 0.3501
vn -0.8866 -0.0000 0.4625
vn -0.8179 -0.0000 0.5753
vn -0.7300 -0.0000 0.6835
vn -0.6242 -0.0000 0.7812
vn -0.5044 -0.0000 0.8634
vn -0.3763 -0.0000 0.9265
vn -0.2462 -0.0000 0.9692
vn -0.1198 -0.0000 0.9928
vn -0.0038 -0.0000 1.0000
vn 0.1048 -0.0000 0.9945
vn 0.2179 -0.0000 0.9760
vn 0.3375 -0.0000 0.9413
vn 0.4587 -0.0000 0.8886
vn 0.5754 -0.0000 0.8179
vn 0.6814 -0.0000 0.7319
vn 0.7721 -0.0000 0.6355
vn 0.8452 -0.0000 0.5345
vn 0.9009 -0.0000 0.4341
vn 0.9411 -0.0000 0.3381
vn 0.9685 -0.0000 0.2490
vn 0.7766 -0.0000 -0.6300
vn -0.7383 -0.0000 -0.6744
vn 0.9995 -0.0000 -0.0305
vn 0.9918 -0.0000 -0.1280
vn 0.9640 -0.0000 -0.2660
vn 0.9126 -0.0000 -0.4087
vn 0.8373 -0.0000 -0.5468
vn 0.7417 -0.0000 -0.6708
vn 0.6329 -0.0000 -0.7742
vn 0.5189 -0.0000 -0.8548
vn 0.4059 -0.0000 -0.9139
vn 0.2975 -0.0000 -0.9547
vn 0.1948 -0.0000 -0.9808
vn 0.0967 -0.0000 -0.9953
vn 0.0099 -0.0000 -1.0000
vn -0.0567 -0.0000 -0.9984
vn -0.1660 -0.0000 -0.9861
vn -0.2174 -0.0000 -0.9761
vn -0.2660 -0.0000 -0.9640
vn -0.3117 -0.0000 -0.9502
vn -0.3542 -0.0000 -0.9352
vn -0.3936 -0.0000 -0.9193
vn -0.4299 -0.0000 -0.9029
vn -0.4631 -0.0000 -0.8863
vn -0.4935 -0.0000 -0.8697
vn 0.4960 -0.0000 -0.8683
vn 0.8537 -0.0000 0.5207
vn 0.4369 -0.0000 0.8995
vn 0.3974 -0.0000 0.9176
vn 0.3618 -0.0000 0.9322
vn 0.3288 -0.0000 0.9444
vn 0.2971 -0.0000 0.9548
vn 0.2657 -0.0000 0.9641
vn 0.2334 -0.0000 0.9724
vn 0.1990 -0.0000 0.9800
vn 0.1609 -0.0000 0.9870
vn 0.1170 -0.0000 0.9931
vn 0.0640 -0.0000 0.9979
vn -0.0090 -0.0000 1.0000
vn -0.1099 -0.0000 0.9939
vn -0.2286 -0.0000 0.9735
vn -0.3544 -0.0000 0.9351
vn -0.4822 -0.0000 0.8761
vn -0.6055 -0.0000 0.7958
vn -0.7174 -0.0000 0.6966
vn -0.8123 -0.0000 0.5833
vn -0.8868 -0.0000 0.4621
vn -0.9407 -0.0000 0.3392
vn -0.9756 -0.0000 0.2195
vn -0.9943 -0.0000 0.1063
vn -0.9997 -0.0000 0.0257
vn -0.9215 -0.0000 -0.3883
vn 0.3883 -0.0000 -0.9215
vn 0.5395 -0.0000 0.8420
vn 0.5244 -0.0000 0.8515
vn 0.5027 -0.0000 0.8645
vn 0.4729 -0.0000 0.8811
vn 0.4336 -0.0000 0.9011
vn 0.3841 -0.0000 0.9233
vn 0.3247 -0.0000 0.9458
vn 0.2577 -0.0000 0.9662
vn 0.1870 -0.0000 0.9824
vn 0.1177 -0.0000 0.9930
vn 0.0548 -0.0000 0.9985
vn -0.0029 -0.0000 1.0000
vn -0.0670 -0.0000 0.9978
vn -0.1445 -0.0000 0.9895
vn -0.2345 -0.0000 0.9721
vn -0.3361 -0.0000 0.9418
vn -0.4464 -0.0000 0.8948
vn -0.5597 -0.0000 0.8287
vn -0.6682 -0.0000 0.7440
vn -0.7643 -0.0000 0.6449
vn -0.8426 -0.0000 0.5385
vn -0.9016 -0.0000 0.4327
vn -0.9428 -0.0000 0.3334
vn -0.3111 -0.0000 0.9504
vn 0.5845 -0.0000 0.8114
vn 0.5440 -0.0000 0.8391
vn 0.5005 -0.0000 0.8658
vn 0.4539 -0.0000 0.8910
vn 0.4045 -0.0000 0.9146
vn 0.3522 -0.0000 0.9359
vn 0.2975 -0.0000 0.9547
vn 0.2406 -0.0000 0.9706
vn 0.1819 -0.0000 0.9833
vn 0.1219 -0.0000 0.9925
vn 0.0611 -0.0000 0.9981
vn -0.0176 -0.0000 0.9998
vn -0.1330 -0.0000 0.9911
vn -0.2663 -0.0000 0.9639
vn -0.3956 -0.0000 0.9184
vn -0.5169 -0.0000 0.8560
vn -0.6272 -0.0000 0.7789
vn -0.7244 -0.0000 0.6893
vn -0.8076 -0.0000 0.5898
vn -0.8761 -0.0000 0.4821
vn -0.9298 -0.0000 0.3680
vn -0.9686 -0.0000 0.2487
vn -0.9921 -0.0000 0.1254
vn -1.0000 -0.0000 -0.0074
vn -0.9868 -0.0000 -0.1617
vn -0.9441 -0.0000 -0.3297
vn -0.8721 -0.0000 -0.4894
vn -0.7800 -0.0000 -0.6258
vn -0.6815 -0.0000 -0.7318
vn -0.5887 -0.0000 -0.8084
vn -0.5086 -0.0000 -0.8610
vn -0.4442 -0.0000 -0.8959
vn -0.3959 -0.0000 -0.9183
vn -0.3631 -0.0000 -0.9318
vn -0.3452 -0.0000 -0.9385
vn -0.3370 -0.0000 -0.9415
vn -0.8167 -0.0000 -0.5770
vn -0.9998 -0.0000 0.0211
vn -0.9959 -0.0000 0.0910
vn -0.9803 -0.0000 0.1975
vn -0.9470 -0.0000 0.3213
vn -0.8889 -0.0000 0.4581
vn -0.8017 -0.0000 0.5978
vn -0.6870 -0.0000 0.7267
vn -0.5545 -0.0000 0.8322
vn -0.4179 -0.0000 0.9085
vn -0.2895 -0.0000 0.9572
vn -0.1765 -0.0000 0.9843
vn -0.0809 -0.0000 0.9967
vn 0.0009 -0.0000 1.0000
vn 0.0786 -0.0000 0.9969
vn 0.1570 -0.0000 0.9876
vn 0.2344 -0.0000 0.9721
vn 0.3097 -0.0000 0.9508
vn 0.3821 -0.0000 0.9241
vn 0.4508 -0.0000 0.8926
vn 0.5152 -0.0000 0.8571
vn 0.5750 -0.0000 0.8182
vn 0.6298 -0.0000 0.7768
vn 0.6795 -0.0000 0.7337
vn 0.7243 -0.0000 0.6895
vn -0.3570 -0.0000 0.9341
vn -0.9315 -0.0000 -0.3637
vn -0.7084 -0.0000 -0.7058
vn -0.6504 -0.0000 -0.7596
vn -0.5872 -0.0000 -0.8094
vn -0.5199 -0.0000 -0.8542
vn -0.4500 -0.0000 -0.8930
vn -0.3790 -0.0000 -0.9254
vn -0.3085 -0.0000 -0.9512
vn -0.2398 -0.0000 -0.9708
vn -0.1740 -0.0000 -0.9847
vn -0.1120 -0.0000 -0.9937
vn -0.0541 -0.0000 -0.9985
vn 0.0085 -0.0000 -1.0000
vn 0.0893 -0.0000 -0.9960
vn 0.1859 -0.0000 -0.9826
vn 0.2909 -0.0000 -0.9568
vn 0.4034 -0.0000 -0.9150
vn 0.5207 -0.0000 -0.8538
vn 0.6378 -0.0000 -0.7702
vn 0.7476 -0.0000 -0.6642
vn 0.8423 -0.0000 -0.5390
vn 0.9158 -0.0000 -0.4017
vn 0.9653 -0.0000 -0.2612
vn 0.9921 -0.0000 -0.1258
vn 0.9995 -0.0000 -0.0301
vn 0.9999 -0.0000 -0.0155
vn 0.9978 -0.0000 -0.0670
vn 0.9891 -0.0000 -0.1470
vn 0.9698 -0.0000 -0.2438
vn 0.9337 -0.0000 -0.3582
vn 0.8733 -0.0000 -0.4872
vn 0.7825 -0.0000 -0.6226
vn 0.6611 -0.0000 -0.7503
vn 0.5179 -0.0000 -0.8555
vn 0.3682 -0.0000 -0.9298
vn 0.2272 -0.0000 -0.9738
vn 0.1045 -0.0000 -0.9945
vn -0.0139 -0.0000 -0.9999
vn -0.1353 -0.0000 -0.9908
vn -0.2368 -0.0000 -0.9716
vn -0.3115 -0.0000 -0.9502
vn -0.3688 -0.0000 -0.9295
vn -0.4145 -0.0000 -0.9101
vn -0.4521 -0.0000 -0.8920
vn -0.4840 -0.0000 -0.8751
vn -0.5119 -0.0000 -0.8591
vn -0.5367 -0.0000 -0.8438
vn -0.5593 -0.0000 -0.8290
vn -0.5802 -0.0000 -0.8144
vn 0.4526 -0.0000 -0.8917
vn 0.8791 -0.0000 0.4767
vn 0.3352 -0.0000 0.9422
vn 0.3536 -0.0000 0.9354
vn 0.3812 -0.0000 0.9245
vn 0.4196 -0.0000 0.9077
vn 0.4705 -0.0000 0.8824
vn 0.5358 -0.0000 0.8443
vn 0.6169 -0.0000 0.7870
vn 0.7126 -0.0000 0.7016
vn 0.8158 -0.0000 0.5784
vn 0.9110 -0.0000 0.4124
vn 0.9772 -0.0000 0.2122
vn 0.9998 -0.0000 0.0220
vn 0.9922 -0.0000 -0.1244
vn 0.9680 -0.0000 -0.2510
vn 0.9262 -0.0000 -0.3771
vn 0.8667 -0.0000 -0.4988
vn 0.7905 -0.0000 -0.6125
vn 0.6993 -0.0000 -0.7148
vn 0.5957 -0.0000 -0.8032
vn 0.4827 -0.0000 -0.8758
vn 0.3635 -0.0000 -0.9316
vn 0.2415 -0.0000 -0.9704
vn 0.1196 -0.0000 -0.9928
vn 0.0087 -0.0000 -1.0000
vn -0.0825 -0.0000 -0.9966
vn -0.1630 -0.0000 -0.9866
vn -0.2399 -0.0000 -0.9708
vn -0.3121 -0.0000 -0.9501
vn -0.3788 -0.0000 -0.9255
vn -0.4397 -0.0000 -0.8981
vn -0.4947 -0.0000 -0.8691
vn -0.5439 -0.0000 -0.8391
vn -0.5878 -0.0000 -0.8090
vn -0.6267 -0.0000 -0.7793
vn -0.6611 -0.0000 -0.7503
vn -0.9157 -0.0000 -0.4018
vn -0.5796 -0.0000 0.8149
vn -0.4939 -0.0000 -0.8695
vn -0.8475 -0.0000 -0.5309
vn -0.8215 -0.0000 -0.5702
vn -0.7896 -0.0000 -0.6136
vn -0.7502 -0.0000 -0.6612
vn -0.7015 -0.0000 -0.7127
vn -0.6414 -0.0000 -0.7672
vn -0.5679 -0.0000 -0.8231
vn -0.4795 -0.0000 -0.8775
vn -0.3758 -0.0000 -0.9267
vn -0.2585 -0.0000 -0.9660
vn -0.1314 -0.0000 -0.9913
vn -0.0132 -0.0000 -0.9999
vn 0.0794 -0.0000 -0.9968
vn 0.1584 -0.0000 -0.9874
vn 0.2353 -0.0000 -0.9719
vn 0.3086 -0.0000 -0.9512
vn 0.3767 -0.0000 -0.9263
vn 0.4390 -0.0000 -0.8985
vn 0.4949 -0.0000 -0.8690
vn 0.5444 -0.0000 -0.8388
vn 0.5879 -0.0000 -0.8089
vn 0.6257 -0.0000 -0.7800
vn 0.6585 -0.0000 -0.7526
vn 0.9900 -0.0000 -0.1414
vn 0.1400 -0.0000 0.9902
vn -0.6579 -0.0000 0.7531
vn -0.6218 -0.0000 0.7832
vn -0.5852 -0.0000 0.8109
vn -0.5474 -0.0000 0.8368
vn -0.5077 -0.0000 0.8616
vn -0.4647 -0.0000 0.8855
vn -0.4171 -0.0000 0.9089
vn -0.3627 -0.0000 0.9319
vn -0.2985 -0.0000 0.9544
vn -0.2203 -0.0000 0.9754
vn -0.1219 -0.0000 0.9925
vn 0.0082 -0.0000 1.0000
vn 0.1651 -0.0000 0.9863
vn 0.3230 -0.0000 0.9464
vn 0.4666 -0.0000 0.8845
vn 0.5918 -0.0000 0.8061
vn 0.6975 -0.0000 0.7166
vn 0.7845 -0.0000 0.6201
vn 0.8543 -0.0000 0.5197
vn 0.9089 -0.0000 0.4171
vn 0.9497 -0.0000 0.3132
vn 0.9780 -0.0000 0.2088
vn 0.9946 -0.0000 0.1042
vn 0.9997 -0.0000 0.0259
vn 0.9337 -0.0000 -0.3581
vn 0.7826 -0.0000 -0.6226
vn 0.6612 -0.0000 -0.7502
vn -0.3689 -0.0000 -0.9295
vn 0.9680 -0.0000 -0.2511
vn 0.7905 -0.0000 -0.6124
vt 0.560694 0.000000
vt 0.572254 0.000000
vt 0.566474 0.000000
vt 0.554913 0.000000
vt 0.578035 0.000000
vt 0.549133 0.000000
vt 0.543353 0.000000
vt 0.583815 0.000000
vt 0.537572 0.000000
vt 0.589595 0.000000
vt 0.531792 0.000000
vt 0.526012 0.000000
vt 0.595376 0.000000
vt 0.520231 0.000000
vt 0.601156 0.000000
vt 0.514451 0.000000
vt 0.508671 0.000000
vt 0.606936 0.000000
vt 0.502890 0.000000
vt 0.612717 0.000000
vt 0.497110 0.000000
vt 0.491329 0.000000
vt 0.485549 0.000000
vt 0.479769 0.000000
vt 0.473988 0.000000
vt 0.468208 0.000000
vt 0.462428 0.000000
vt 0.456647 0.000000
vt 0.450867 0.000000
vt 0.445087 0.000000
vt 0.439306 0.000000
vt 0.433526 0.000000
vt 0.427746 0.000000
vt 0.421965 0.000000
vt 0.618497 0.000000
vt 0.416185 0.000000
vt 0.624277 0.000000
vt 0.410405 0.000000
vt 0.404624 0.000000
vt 0.398844 0.000000
vt 0.393064 0.000000
vt 0.387283 0.000000
vt 0.630058 0.000000
vt 0.381503 0.000000
vt 0.375723 0.000000
vt 0.369942 0.000000
vt 0.635838 0.000000
vt 0.364162 0.000000
vt 0.358382 0.000000
vt 0.641618 0.000000
vt 0.352601 0.000000
vt 0.346821 0.000000
vt 0.341040 0.000000
vt 1.000000 0.000000
vt 0.335260 0.000000
vt 0.329480 0.000000
vt 0.323699 0.000000
vt 0.317919 0.000000
vt 0.791907 0.000000
vt 0.994220 0.000000
vt 0.797688 0.000000
vt 0.312139 0.000000
vt 0.803468 0.000000
vt 0.306358 0.000000
vt 0.809249 0.000000
vt 0.300578 0.000000
vt 0.815029 0.000000
vt 0.820809 0.000000
vt 0.294798 0.000000
vt 0.826590 0.000000
vt 0.289017 0.000000
vt 0.832370 0.000000
vt 0.838150 0.000000
vt 0.283237 0.000000
vt 0.843931 0.000000
vt 0.849711 0.000000
vt 0.277457 0.000000
vt 0.855491 0.000000
vt 0.271676 0.000000
vt 0.861272 0.000000
vt 0.867052 0.000000
vt 0.265896 0.000000
vt 0.872832 0.000000
vt 0.878613 0.000000
vt 0.988439 0.000000
vt 0.260116 0.000000
vt 0.982659 0.000000
vt 0.884393 0.000000
vt 0.976879 0.000000
vt 0.774566 0.000000
vt 0.786127 0.000000
vt 0.780347 0.000000
vt 0.647399 0.000000
vt 0.890173 0.000000
vt 0.768786 0.000000
vt 0.971098 0.000000
vt 0.653179 0.000000
vt 0.763006 0.000000
vt 0.254335 0.000000
vt 0.895954 0.000000
vt 0.658960 0.000000
vt 0.965318 0.000000
vt 0.757225 0.000000
vt 0.664740 0.000000
vt 0.959538 0.000000
vt 0.751445 0.000000
vt 0.901734 0.000000
vt 0.670520 0.000000
vt 0.745665 0.000000
vt 0.953757 0.000000
vt 0.676301 0.000000
vt 0.739884 0.000000
vt 0.907514 0.000000
vt 0.682081 0.000000
vt 0.947977 0.000000
vt 0.734104 0.000000
vt 0.687861 0.000000
vt 0.248555 0.000000
vt 0.728324 0.000000
vt 0.913295 0.000000
vt 0.942197 0.000000
vt 0.693642 0.000000
vt 0.722543 0.000000
vt 0.699422 0.000000
vt 0.716763 0.000000
vt 0.936416 0.000000
vt 0.705202 0.000000
vt 0.710983 0.000000
vt 0.919075 0.000000
vt 0.930636 0.000000
vt 0.924855 0.000000
vt 0.132948 0.000000
vt 0.242775 0.000000
vt 0.138728 0.000000
vt 0.127168 0.000000
vt 0.236994 0.000000
vt 0.144509 0.000000
vt 0.121387 0.000000
vt 0.000000 0.000000
vt 0.231214 0.000000
vt 0.150289 0.000000
vt 0.115607 0.000000
vt 0.005780 0.000000
vt 0.156069 0.000000
vt 0.109827 0.000000
vt 0.225434 0.000000
vt 0.011561 0.000000
vt 0.161850 0.000000
vt 0.104046 0.000000
vt 0.017341 0.000000
vt 0.219653 0.000000
vt 0.167630 0.000000
vt 0.098266 0.000000
vt 0.023121 0.000000
vt 0.173410 0.000000
vt 0.092486 0.000000
vt 0.028902 0.000000
vt 0.213873 0.000000
vt 0.179191 0.000000
vt 0.086705 0.000000
vt 0.034682 0.000000
vt 0.184971 0.000000
vt 0.040462 0.000000
vt 0.080925 0.000000
vt 0.208092 0.000000
vt 0.046243 0.000000
vt 0.190751 0.000000
vt 0.075145 0.000000
vt 0.052023 0.000000
vt 0.196532 0.000000
vt 0.069364 0.000000
vt 0.202312 0.000000
vt 0.057803 0.000000
vt 0.063584 0.000000
vt 0.222222 0.000000
vt 0.259259 0.000000
vt 0.240741 0.000000
vt 0.277778 0.000000
vt 0.203704 0.000000
vt 0.296296 0.000000
vt 0.185185 0.000000
vt 0.314815 0.000000
vt 0.333333 0.000000
vt 0.166667 0.000000
vt 0.351852 0.000000
vt 0.962963 0.000000
vt 0.981481 0.000000
vt 0.148148 0.000000
vt 0.370370 0.000000
vt 0.388889 0.000000
vt 0.129630 0.000000
vt 0.407407 0.000000
vt 0.111111 0.000000
vt 0.425926 0.000000
vt 0.444444 0.000000
vt 0.092593 0.000000
vt 0.462963 0.000000
vt 0.074074 0.000000
vt 0.648148 0.000000
vt 0.629630 0.000000
vt 0.611111 0.000000
vt 0.592593 0.000000
vt 0.574074 0.000000
vt 0.555556 0.000000
vt 0.537037 0.000000
vt 0.518519 0.000000
vt 0.500000 0.000000
vt 0.481481 0.000000
vt 0.055556 0.000000
vt 0.685185 0.000000
vt 0.666667 0.000000
vt 0.037037 0.000000
vt 0.722222 0.000000
vt 0.703704 0.000000
vt 0.740741 0.000000
vt 0.759259 0.000000
vt 0.018519 0.000000
vt 0.777778 0.000000
vt 0.796296 0.000000
vt 0.870370 0.000000
vt 0.851852 0.000000
vt 0.833333 0.000000
vt 0.814815 0.000000
vt 0.888889 0.000000
vt 0.907407 0.000000
vt 0.925926 0.000000
vt 0.944444 0.000000
vt 0.964912 0.000000
vt 0.982456 0.000000
vt 0.017544 0.000000
vt 0.947368 0.000000
vt 0.929825 0.000000
vt 0.912281 0.000000
vt 0.035088 0.000000
vt 0.052632 0.000000
vt 0.070175 0.000000
vt 0.894737 0.000000
vt 0.087719 0.000000
vt 0.105263 0.000000
vt 0.877193 0.000000
vt 0.122807 0.000000
vt 0.456140 0.000000
vt 0.491228 0.000000
vt 0.473684 0.000000
vt 0.438596 0.000000
vt 0.140351 0.000000
vt 0.421053 0.000000
vt 0.859649 0.000000
vt 0.157895 0.000000
vt 0.403509 0.000000
vt 0.385965 0.000000
vt 0.175439 0.000000
vt 0.368421 0.000000
vt 0.192982 0.000000
vt 0.350877 0.000000
vt 0.210526 0.000000
vt 0.842105 0.000000
vt 0.315789 0.000000
vt 0.228070 0.000000
vt 0.298246 0.000000
vt 0.245614 0.000000
vt 0.280702 0.000000
vt 0.263158 0.000000
vt 0.824561 0.000000
vt 0.807018 0.000000
vt 0.789474 0.000000
vt 0.508772 0.000000
vt 0.771930 0.000000
vt 0.526316 0.000000
vt 0.543860 0.000000
vt 0.754386 0.000000
vt 0.561404 0.000000
vt 0.578947 0.000000
vt 0.596491 0.000000
vt 0.736842 0.000000
vt 0.614035 0.000000
vt 0.631579 0.000000
vt 0.719298 0.000000
vt 0.649123 0.000000
vt 0.701754 0.000000
vt 0.684211 0.000000
vt 0.346939 0.000000
vt 0.367347 0.000000
vt 0.357143 0.000000
vt 0.377551 0.000000
vt 0.336735 0.000000
vt 0.387755 0.000000
vt 0.326531 0.000000
vt 0.397959 0.000000
vt 0.316327 0.000000
vt 0.408163 0.000000
vt 0.306122 0.000000
vt 0.418367 0.000000
vt 0.295918 0.000000
vt 0.428571 0.000000
vt 0.285714 0.000000
vt 0.867347 0.000000
vt 0.877551 0.000000
vt 0.857143 0.000000
vt 0.887755 0.000000
vt 0.846939 0.000000
vt 0.897959 0.000000
vt 0.836735 0.000000
vt 0.438776 0.000000
vt 0.908163 0.000000
vt 0.275510 0.000000
vt 0.826531 0.000000
vt 0.918367 0.000000
vt 0.816327 0.000000
vt 0.928571 0.000000
vt 0.806122 0.000000
vt 0.938776 0.000000
vt 0.795918 0.000000
vt 0.265306 0.000000
vt 0.448980 0.000000
vt 0.948980 0.000000
vt 0.785714 0.000000
vt 0.959184 0.000000
vt 0.775510 0.000000
vt 0.255102 0.000000
vt 0.459184 0.000000
vt 0.969388 0.000000
vt 0.765306 0.000000
vt 0.979592 0.000000
vt 0.755102 0.000000
vt 0.244898 0.000000
vt 0.989796 0.000000
vt 0.469388 0.000000
vt 0.234694 0.000000
vt 0.479592 0.000000
vt 0.224490 0.000000
vt 0.489796 0.000000
vt 0.214286 0.000000
vt 0.510204 0.000000
vt 0.520408 0.000000
vt 0.204082 0.000000
vt 0.530612 0.000000
vt 0.193878 0.000000
vt 0.540816 0.000000
vt 0.724490 0.000000
vt 0.744898 0.000000
vt 0.734694 0.000000
vt 0.551020 0.000000
vt 0.714286 0.000000
vt 0.704082 0.000000
vt 0.183673 0.000000
vt 0.561224 0.000000
vt 0.693878 0.000000
vt 0.683673 0.000000
vt 0.571429 0.000000
vt 0.673469 0.000000
vt 0.581633 0.000000
vt 0.663265 0.000000
vt 0.173469 0.000000
vt 0.653061 0.000000
vt 0.591837 0.000000
vt 0.642857 0.000000
vt 0.602041 0.000000
vt 0.632653 0.000000
vt 0.622449 0.000000
vt 0.612245 0.000000
vt 0.163265 0.000000
vt 0.153061 0.000000
vt 0.010204 0.000000
vt 0.020408 0.000000
vt 0.142857 0.000000
vt 0.030612 0.000000
vt 0.040816 0.000000
vt 0.132653 0.000000
vt 0.051020 0.000000
vt 0.061224 0.000000
vt 0.122449 0.000000
vt 0.071429 0.000000
vt 0.081633 0.000000
vt 0.091837 0.000000
vt 0.112245 0.000000
vt 0.102041 0.000000
vt 0.357895 0.000000
vt 0.378947 0.000000
vt 0.389474 0.000000
vt 0.347368 0.000000
vt 0.400000 0.000000
vt 0.336842 0.000000
vt 0.410526 0.000000
vt 0.326316 0.000000
vt 0.431579 0.000000
vt 0.305263 0.000000
vt 0.442105 0.000000
vt 0.294737 0.000000
vt 0.873684 0.000000
vt 0.884211 0.000000
vt 0.863158 0.000000
vt 0.852632 0.000000
vt 0.905263 0.000000
vt 0.452632 0.000000
vt 0.284211 0.000000
vt 0.915789 0.000000
vt 0.831579 0.000000
vt 0.926316 0.000000
vt 0.821053 0.000000
vt 0.936842 0.000000
vt 0.810526 0.000000
vt 0.463158 0.000000
vt 0.273684 0.000000
vt 0.800000 0.000000
vt 0.957895 0.000000
vt 0.968421 0.000000
vt 0.778947 0.000000
vt 0.484211 0.000000
vt 0.252632 0.000000
vt 0.978947 0.000000
vt 0.768421 0.000000
vt 0.989474 0.000000
vt 0.757895 0.000000
vt 0.494737 0.000000
vt 0.242105 0.000000
vt 0.747368 0.000000
vt 0.231579 0.000000
vt 0.505263 0.000000
vt 0.515789 0.000000
vt 0.726316 0.000000
vt 0.221053 0.000000
vt 0.010526 0.000000
vt 0.715789 0.000000
vt 0.536842 0.000000
vt 0.705263 0.000000
vt 0.021053 0.000000
vt 0.547368 0.000000
vt 0.694737 0.000000
vt 0.200000 0.000000
vt 0.031579 0.000000
vt 0.557895 0.000000
vt 0.568421 0.000000
vt 0.673684 0.000000
vt 0.189474 0.000000
vt 0.042105 0.000000
vt 0.663158 0.000000
vt 0.589474 0.000000
vt 0.652632 0.000000
vt 0.600000 0.000000
vt 0.642105 0.000000
vt 0.178947 0.000000
vt 0.610526 0.000000
vt 0.621053 0.000000
vt 0.168421 0.000000
vt 0.063158 0.000000
vt 0.073684 0.000000
vt 0.147368 0.000000
vt 0.084211 0.000000
vt 0.136842 0.000000
vt 0.094737 0.000000
vt 0.126316 0.000000
vt 0.115789 0.000000
vt 0.925000 0.000000
vt 0.975000 0.000000
vt 0.950000 0.000000
vt 0.900000 0.000000
vt 0.875000 0.000000
vt 0.850000 0.000000
vt 0.025000 0.000000
vt 0.825000 0.000000
vt 0.050000 0.000000
vt 0.775000 0.000000
vt 0.075000 0.000000
vt 0.750000 0.000000
vt 0.725000 0.000000
vt 0.700000 0.000000
vt 0.100000 0.000000
vt 0.675000 0.000000
vt 0.650000 0.000000
vt 0.625000 0.000000
vt 0.575000 0.000000
vt 0.125000 0.000000
vt 0.150000 0.000000
vt 0.175000 0.000000
vt 0.225000 0.000000
vt 0.250000 0.000000
vt 0.550000 0.000000
vt 0.275000 0.000000
vt 0.525000 0.000000
vt 0.475000 0.000000
vt 0.450000 0.000000
vt 0.425000 0.000000
vt 0.375000 0.000000
vt 0.350000 0.000000
vt 0.325000 0.000000
vt 0.300000 0.000000
vt 0.000000 1.000000
vt 0.024390 1.000000
vt 0.024390 0.000000
vt 0.048780 1.000000
vt 0.048780 0.000000
vt 0.073171 1.000000
vt 0.073171 0.000000
vt 0.097561 1.000000
vt 0.097561 0.000000
vt 0.121951 1.000000
vt 0.121951 0.000000
vt 0.146341 1.000000
vt 0.146341 0.000000
vt 0.170732 1.000000
vt 0.170732 0.000000
vt 0.195122 1.000000
vt 0.195122 0.000000
vt 0.219512 1.000000
vt 0.219512 0.000000
vt 0.243902 1.000000
vt 0.243902 0.000000
vt 0.268293 1.000000
vt 0.268293 0.000000
vt 0.292683 1.000000
vt 0.292683 0.000000
vt 0.317073 1.000000
vt 0.317073 0.000000
vt 0.341463 1.000000
vt 0.341463 0.000000
vt 0.365854 1.000000
vt 0.365854 0.000000
vt 0.390244 1.000000
vt 0.390244 0.000000
vt 0.414634 1.000000
vt 0.414634 0.000000
vt 0.439024 1.000000
vt 0.439024 0.000000
vt 0.463415 1.000000
vt 0.463415 0.000000
vt 0.487805 1.000000
vt 0.487805 0.000000
vt 0.512195 1.000000
vt 0.512195 0.000000
vt 0.536585 1.000000
vt 0.536585 0.000000
vt 0.560976 1.000000
vt 0.560976 0.000000
vt 0.585366 1.000000
vt 0.585366 0.000000
vt 0.609756 1.000000
vt 0.609756 0.000000
vt 0.634146 1.000000
vt 0.634146 0.000000
vt 0.658537 1.000000
vt 0.658537 0.000000
vt 0.682927 1.000000
vt 0.682927 0.000000
vt 0.707317 1.000000
vt 0.707317 0.000000
vt 0.731707 1.000000
vt 0.731707 0.000000
vt 0.756098 1.000000
vt 0.756098 0.000000
vt 0.780488 1.000000
vt 0.780488 0.000000
vt 0.804878 1.000000
vt 0.804878 0.000000
vt 0.829268 1.000000
vt 0.829268 0.000000
vt 0.853659 1.000000
vt 0.853659 0.000000
vt 0.878049 1.000000
vt 0.878049 0.000000
vt 0.902439 1.000000
vt 0.902439 0.000000
vt 0.926829 1.000000
vt 0.926829 0.000000
vt 0.951219 1.000000
vt 0.951219 0.000000
vt 0.975610 1.000000
vt 0.975610 0.000000
vt 1.000000 1.000000
vt 0.020833 1.000000
vt 0.020833 0.000000
vt 0.041667 1.000000
vt 0.041667 0.000000
vt 0.062500 1.000000
vt 0.062500 0.000000
vt 0.083333 1.000000
vt 0.083333 0.000000
vt 0.104167 1.000000
vt 0.104167 0.000000
vt 0.125000 1.000000
vt 0.145833 1.000000
vt 0.145833 0.000000
vt 0.166667 1.000000
vt 0.187500 1.000000
vt 0.187500 0.000000
vt 0.208333 1.000000
vt 0.208333 0.000000
vt 0.229167 1.000000
vt 0.229167 0.000000
vt 0.250000 1.000000
vt 0.270833 1.000000
vt 0.270833 0.000000
vt 0.291667 1.000000
vt 0.291667 0.000000
vt 0.312500 1.000000
vt 0.312500 0.000000
vt 0.333333 1.000000
vt 0.354167 1.000000
vt 0.354167 0.000000
vt 0.375000 1.000000
vt 0.395833 1.000000
vt 0.395833 0.000000
vt 0.416667 1.000000
vt 0.416667 0.000000
vt 0.437500 1.000000
vt 0.437500 0.000000
vt 0.458333 1.000000
vt 0.458333 0.000000
vt 0.479167 1.000000
vt 0.479167 0.000000
vt 0.500000 1.000000
vt 0.520833 1.000000
vt 0.520833 0.000000
vt 0.541667 1.000000
vt 0.541667 0.000000
vt 0.562500 1.000000
vt 0.562500 0.000000
vt 0.583333 1.000000
vt 0.583333 0.000000
vt 0.604167 1.000000
vt 0.604167 0.000000
vt 0.625000 1.000000
vt 0.645833 1.000000
vt 0.645833 0.000000
vt 0.666667 1.000000
vt 0.687500 1.000000
vt 0.687500 0.000000
vt 0.708333 1.000000
vt 0.708333 0.000000
vt 0.729167 1.000000
vt 0.729167 0.000000
vt 0.750000 1.000000
vt 0.770833 1.000000
vt 0.770833 0.000000
vt 0.791667 1.000000
vt 0.791667 0.000000
vt 0.812500 1.000000
vt 0.812500 0.000000
vt 0.833333 1.000000
vt 0.854167 1.000000
vt 0.854167 0.000000
vt 0.875000 1.000000
vt 0.895833 1.000000
vt 0.895833 0.000000
vt 0.916667 1.000000
vt 0.916667 0.000000
vt 0.937500 1.000000
vt 0.937500 0.000000
vt 0.958333 1.000000
vt 0.958333 0.000000
vt 0.979167 1.000000
vt 0.979167 0.000000
vt 0.013514 1.000000
vt 0.013514 0.000000
vt 0.027027 1.000000
vt 0.027027 0.000000
vt 0.040541 1.000000
vt 0.040541 0.000000
vt 0.054054 1.000000
vt 0.054054 0.000000
vt 0.067568 1.000000
vt 0.067568 0.000000
vt 0.081081 1.000000
vt 0.081081 0.000000
vt 0.094595 1.000000
vt 0.094595 0.000000
vt 0.108108 1.000000
vt 0.108108 0.000000
vt 0.121622 1.000000
vt 0.121622 0.000000
vt 0.135135 1.000000
vt 0.135135 0.000000
vt 0.148649 1.000000
vt 0.148649 0.000000
vt 0.162162 1.000000
vt 0.162162 0.000000
vt 0.175676 1.000000
vt 0.175676 0.000000
vt 0.189189 1.000000
vt 0.189189 0.000000
vt 0.202703 1.000000
vt 0.202703 0.000000
vt 0.216216 1.000000
vt 0.216216 0.000000
vt 0.229730 1.000000
vt 0.229730 0.000000
vt 0.243243 1.000000
vt 0.243243 0.000000
vt 0.256757 1.000000
vt 0.256757 0.000000
vt 0.270270 1.000000
vt 0.270270 0.000000
vt 0.283784 1.000000
vt 0.283784 0.000000
vt 0.297297 1.000000
vt 0.297297 0.000000
vt 0.310811 1.000000
vt 0.310811 0.000000
vt 0.324324 1.000000
vt 0.324324 0.000000
vt 0.337838 1.000000
vt 0.337838 0.000000
vt 0.351351 1.000000
vt 0.351351 0.000000
vt 0.364865 1.000000
vt 0.364865 0.000000
vt 0.378378 1.000000
vt 0.378378 0.000000
vt 0.391892 1.000000
vt 0.391892 0.000000
vt 0.405405 1.000000
vt 0.405405 0.000000
vt 0.418919 1.000000
vt 0.418919 0.000000
vt 0.432432 1.000000
vt 0.432432 0.000000
vt 0.445946 1.000000
vt 0.445946 0.000000
vt 0.459459 1.000000
vt 0.459459 0.000000
vt 0.472973 1.000000
vt 0.472973 0.000000
vt 0.486486 1.000000
vt 0.486486 0.000000
vt 0.513514 1.000000
vt 0.513514 0.000000
vt 0.527027 1.000000
vt 0.527027 0.000000
vt 0.540541 1.000000
vt 0.540541 0.000000
vt 0.554054 1.000000
vt 0.554054 0.000000
vt 0.567568 1.000000
vt 0.567568 0.000000
vt 0.581081 1.000000
vt 0.581081 0.000000
vt 0.594595 1.000000
vt 0.594595 0.000000
vt 0.608108 1.000000
vt 0.608108 0.000000
vt 0.621622 1.000000
vt 0.621622 0.000000
vt 0.635135 1.000000
vt 0.635135 0.000000
vt 0.648649 1.000000
vt 0.648649 0.000000
vt 0.662162 1.000000
vt 0.662162 0.000000
vt 0.675676 1.000000
vt 0.675676 0.000000
vt 0.689189 1.000000
vt 0.689189 0.000000
vt 0.702703 1.000000
vt 0.702703 0.000000
vt 0.716216 1.000000
vt 0.716216 0.000000
vt 0.729730 1.000000
vt 0.729730 0.000000
vt 0.743243 1.000000
vt 0.743243 0.000000
vt 0.756757 1.000000
vt 0.756757 0.000000
vt 0.770270 1.000000
vt 0.770270 0.000000
vt 0.783784 1.000000
vt 0.783784 0.000000
vt 0.797297 1.000000
vt 0.797297 0.000000
vt 0.810811 1.000000
vt 0.810811 0.000000
vt 0.824324 1.000000
vt 0.824324 0.000000
vt 0.837838 1.000000
vt 0.837838 0.000000
vt 0.851351 1.000000
vt 0.851351 0.000000
vt 0.864865 1.000000
vt 0.864865 0.000000
vt 0.878378 1.000000
vt 0.878378 0.000000
vt 0.891892 1.000000
vt 0.891892 0.000000
vt 0.905405 1.000000
vt 0.905405 0.000000
vt 0.918919 1.000000
vt 0.918919 0.000000
vt 0.932432 1.000000
vt 0.932432 0.000000
vt 0.945946 1.000000
vt 0.945946 0.000000
vt 0.959459 1.000000
vt 0.959459 0.000000
vt 0.972973 1.000000
vt 0.972973 0.000000
vt 0.986486 1.000000
vt 0.986486 0.000000
vt 0.040000 1.000000
vt 0.040000 0.000000
vt 0.080000 1.000000
vt 0.080000 0.000000
vt 0.120000 1.000000
vt 0.120000 0.000000
vt 0.160000 1.000000
vt 0.160000 0.000000
vt 0.200000 1.000000
vt 0.240000 1.000000
vt 0.240000 0.000000
vt 0.280000 1.000000
vt 0.280000 0.000000
vt 0.320000 1.000000
vt 0.320000 0.000000
vt 0.360000 1.000000
vt 0.360000 0.000000
vt 0.400000 1.000000
vt 0.440000 1.000000
vt 0.440000 0.000000
vt 0.480000 1.000000
vt 0.480000 0.000000
vt 0.520000 1.000000
vt 0.520000 0.000000
vt 0.560000 1.000000
vt 0.560000 0.000000
vt 0.600000 1.000000
vt 0.640000 1.000000
vt 0.640000 0.000000
vt 0.680000 1.000000
vt 0.680000 0.000000
vt 0.720000 1.000000
vt 0.720000 0.000000
vt 0.760000 1.000000
vt 0.760000 0.000000
vt 0.800000 1.000000
vt 0.840000 1.000000
vt 0.840000 0.000000
vt 0.880000 1.000000
vt 0.880000 0.000000
vt 0.920000 1.000000
vt 0.920000 0.000000
vt 0.960000 1.000000
vt 0.960000 0.000000
vt 0.017241 1.000000
vt 0.017241 0.000000
vt 0.034483 1.000000
vt 0.034483 0.000000
vt 0.051724 1.000000
vt 0.051724 0.000000
vt 0.068966 1.000000
vt 0.068966 0.000000
vt 0.086207 1.000000
vt 0.086207 0.000000
vt 0.103448 1.000000
vt 0.103448 0.000000
vt 0.120690 1.000000
vt 0.120690 0.000000
vt 0.137931 1.000000
vt 0.137931 0.000000
vt 0.155172 1.000000
vt 0.155172 0.000000
vt 0.172414 1.000000
vt 0.172414 0.000000
vt 0.189655 1.000000
vt 0.189655 0.000000
vt 0.206897 1.000000
vt 0.206897 0.000000
vt 0.224138 1.000000
vt 0.224138 0.000000
vt 0.241379 1.000000
vt 0.241379 0.000000
vt 0.258621 1.000000
vt 0.258621 0.000000
vt 0.275862 1.000000
vt 0.275862 0.000000
vt 0.293103 1.000000
vt 0.293103 0.000000
vt 0.310345 1.000000
vt 0.310345 0.000000
vt 0.327586 1.000000
vt 0.327586 0.000000
vt 0.344828 1.000000
vt 0.344828 0.000000
vt 0.362069 1.000000
vt 0.362069 0.000000
vt 0.379310 1.000000
vt 0.379310 0.000000
vt 0.396552 1.000000
vt 0.396552 0.000000
vt 0.413793 1.000000
vt 0.413793 0.000000
vt 0.431034 1.000000
vt 0.431034 0.000000
vt 0.448276 1.000000
vt 0.448276 0.000000
vt 0.465517 1.000000
vt 0.465517 0.000000
vt 0.482759 1.000000
vt 0.482759 0.000000
vt 0.517241 1.000000
vt 0.517241 0.000000
vt 0.534483 1.000000
vt 0.534483 0.000000
vt 0.551724 1.000000
vt 0.551724 0.000000
vt 0.568965 1.000000
vt 0.568965 0.000000
vt 0.586207 1.000000
vt 0.586207 0.000000
vt 0.603448 1.000000
vt 0.603448 0.000000
vt 0.620690 1.000000
vt 0.620690 0.000000
vt 0.637931 1.000000
vt 0.637931 0.000000
vt 0.655172 1.000000
vt 0.655172 0.000000
vt 0.672414 1.000000
vt 0.672414 0.000000
vt 0.689655 1.000000
vt 0.689655 0.000000
vt 0.706897 1.000000
vt 0.706897 0.000000
vt 0.724138 1.000000
vt 0.724138 0.000000
vt 0.741379 1.000000
vt 0.741379 0.000000
vt 0.758621 1.000000
vt 0.758621 0.000000
vt 0.775862 1.000000
vt 0.775862 0.000000
vt 0.793103 1.000000
vt 0.793103 0.000000
vt 0.810345 1.000000
vt 0.810345 0.000000
vt 0.827586 1.000000
vt 0.827586 0.000000
vt 0.844828 1.000000
vt 0.844828 0.000000
vt 0.862069 1.000000
vt 0.862069 0.000000
vt 0.879310 1.000000
vt 0.879310 0.000000
vt 0.896552 1.000000
vt 0.896552 0.000000
vt 0.913793 1.000000
vt 0.913793 0.000000
vt 0.931035 1.000000
vt 0.931035 0.000000
vt 0.948276 1.000000
vt 0.948276 0.000000
vt 0.965517 1.000000
vt 0.965517 0.000000
vt 0.982759 1.000000
vt 0.982759 0.000000
vt 0.007299 1.000000
vt 0.007299 0.000000
vt 0.014599 1.000000
vt 0.014599 0.000000
vt 0.021898 1.000000
vt 0.021898 0.000000
vt 0.029197 1.000000
vt 0.029197 0.000000
vt 0.036496 1.000000
vt 0.036496 0.000000
vt 0.043796 1.000000
vt 0.043796 0.000000
vt 0.051095 1.000000
vt 0.051095 0.000000
vt 0.058394 1.000000
vt 0.058394 0.000000
vt 0.065693 1.000000
vt 0.065693 0.000000
vt 0.072993 1.000000
vt 0.072993 0.000000
vt 0.080292 1.000000
vt 0.080292 0.000000
vt 0.087591 1.000000
vt 0.087591 0.000000
vt 0.094891 1.000000
vt 0.094891 0.000000
vt 0.102190 1.000000
vt 0.102190 0.000000
vt 0.109489 1.000000
vt 0.109489 0.000000
vt 0.116788 1.000000
vt 0.116788 0.000000
vt 0.124088 1.000000
vt 0.124088 0.000000
vt 0.131387 1.000000
vt 0.131387 0.000000
vt 0.138686 1.000000
vt 0.138686 0.000000
vt 0.145985 1.000000
vt 0.145985 0.000000
vt 0.153285 1.000000
vt 0.153285 0.000000
vt 0.160584 1.000000
vt 0.160584 0.000000
vt 0.167883 1.000000
vt 0.167883 0.000000
vt 0.175182 1.000000
vt 0.175182 0.000000
vt 0.182482 1.000000
vt 0.182482 0.000000
vt 0.189781 1.000000
vt 0.189781 0.000000
vt 0.197080 1.000000
vt 0.197080 0.000000
vt 0.204380 1.000000
vt 0.204380 0.000000
vt 0.211679 1.000000
vt 0.211679 0.000000
vt 0.218978 1.000000
vt 0.218978 0.000000
vt 0.226277 1.000000
vt 0.226277 0.000000
vt 0.233577 1.000000
vt 0.233577 0.000000
vt 0.240876 1.000000
vt 0.240876 0.000000
vt 0.248175 1.000000
vt 0.248175 0.000000
vt 0.255474 1.000000
vt 0.255474 0.000000
vt 0.262774 1.000000
vt 0.262774 0.000000
vt 0.270073 1.000000
vt 0.270073 0.000000
vt 0.277372 1.000000
vt 0.277372 0.000000
vt 0.284672 1.000000
vt 0.284672 0.000000
vt 0.291971 1.000000
vt 0.291971 0.000000
vt 0.299270 1.000000
vt 0.299270 0.000000
vt 0.306569 1.000000
vt 0.306569 0.000000
vt 0.313869 1.000000
vt 0.313869 0.000000
vt 0.321168 1.000000
vt 0.321168 0.000000
vt 0.328467 1.000000
vt 0.328467 0.000000
vt 0.335766 1.000000
vt 0.335766 0.000000
vt 0.343066 1.000000
vt 0.343066 0.000000
vt 0.350365 1.000000
vt 0.350365 0.000000
vt 0.357664 1.000000
vt 0.357664 0.000000
vt 0.364964 1.000000
vt 0.364964 0.000000
vt 0.372263 1.000000
vt 0.372263 0.000000
vt 0.379562 1.000000
vt 0.379562 0.000000
vt 0.386861 1.000000
vt 0.386861 0.000000
vt 0.394161 1.000000
vt 0.394161 0.000000
vt 0.401460 1.000000
vt 0.401460 0.000000
vt 0.408759 1.000000
vt 0.408759 0.000000
vt 0.416058 1.000000
vt 0.416058 0.000000
vt 0.423358 1.000000
vt 0.423358 0.000000
vt 0.430657 1.000000
vt 0.430657 0.000000
vt 0.437956 1.000000
vt 0.437956 0.000000
vt 0.445255 1.000000
vt 0.445255 0.000000
vt 0.452555 1.000000
vt 0.452555 0.000000
vt 0.459854 1.000000
vt 0.459854 0.000000
vt 0.467153 1.000000
vt 0.467153 0.000000
vt 0.474453 1.000000
vt 0.474453 0.000000
vt 0.481752 1.000000
vt 0.481752 0.000000
vt 0.489051 1.000000
vt 0.489051 0.000000
vt 0.496350 1.000000
vt 0.496350 0.000000
vt 0.503650 1.000000
vt 0.503650 0.000000
vt 0.510949 1.000000
vt 0.510949 0.000000
vt 0.518248 1.000000
vt 0.518248 0.000000
vt 0.525547 1.000000
vt 0.525547 0.000000
vt 0.532847 1.000000
vt 0.532847 0.000000
vt 0.540146 1.000000
vt 0.540146 0.000000
vt 0.547445 1.000000
vt 0.547445 0.000000
vt 0.554745 1.000000
vt 0.554745 0.000000
vt 0.562044 1.000000
vt 0.562044 0.000000
vt 0.569343 1.000000
vt 0.569343 0.000000
vt 0.576642 1.000000
vt 0.576642 0.000000
vt 0.583942 1.000000
vt 0.583942 0.000000
vt 0.591241 1.000000
vt 0.591241 0.000000
vt 0.598540 1.000000
vt 0.598540 0.000000
vt 0.605839 1.000000
vt 0.605839 0.000000
vt 0.613139 1.000000
vt 0.613139 0.000000
vt 0.620438 1.000000
vt 0.620438 0.000000
vt 0.627737 1.000000
vt 0.627737 0.000000
vt 0.635036 1.000000
vt 0.635036 0.000000
vt 0.642336 1.000000
vt 0.642336 0.000000
vt 0.649635 1.000000
vt 0.649635 0.000000
vt 0.656934 1.000000
vt 0.656934 0.000000
vt 0.664234 1.000000
vt 0.664234 0.000000
vt 0.671533 1.000000
vt 0.671533 0.000000
vt 0.678832 1.000000
vt 0.678832 0.000000
vt 0.686131 1.000000
vt 0.686131 0.000000
vt 0.693431 1.000000
vt 0.693431 0.000000
vt 0.700730 1.000000
vt 0.700730 0.000000
vt 0.708029 1.000000
vt 0.708029 0.000000
vt 0.715328 1.000000
vt 0.715328 0.000000
vt 0.722628 1.000000
vt 0.722628 0.000000
vt 0.729927 1.000000
vt 0.729927 0.000000
vt 0.737226 1.000000
vt 0.737226 0.000000
vt 0.744526 1.000000
vt 0.744526 0.000000
vt 0.751825 1.000000
vt 0.751825 0.000000
vt 0.759124 1.000000
vt 0.759124 0.000000
vt 0.766423 1.000000
vt 0.766423 0.000000
vt 0.773723 1.000000
vt 0.773723 0.000000
vt 0.781022 1.000000
vt 0.781022 0.000000
vt 0.788321 1.000000
vt 0.788321 0.000000
vt 0.795620 1.000000
vt 0.795620 0.000000
vt 0.802920 1.000000
vt 0.802920 0.000000
vt 0.810219 1.000000
vt 0.810219 0.000000
vt 0.817518 1.000000
vt 0.817518 0.000000
vt 0.824818 1.000000
vt 0.824818 0.000000
vt 0.832117 1.000000
vt 0.832117 0.000000
vt 0.839416 1.000000
vt 0.839416 0.000000
vt 0.846715 1.000000
vt 0.846715 0.000000
vt 0.854015 1.000000
vt 0.854015 0.000000
vt 0.861314 1.000000
vt 0.861314 0.000000
vt 0.868613 1.000000
vt 0.868613 0.000000
vt 0.875912 1.000000
vt 0.875912 0.000000
vt 0.883212 1.000000
vt 0.883212 0.000000
vt 0.890511 1.000000
vt 0.890511 0.000000
vt 0.897810 1.000000
vt 0.897810 0.000000
vt 0.905109 1.000000
vt 0.905109 0.000000
vt 0.912409 1.000000
vt 0.912409 0.000000
vt 0.919708 1.000000
vt 0.919708 0.000000
vt 0.927007 1.000000
vt 0.927007 0.000000
vt 0.934307 1.000000
vt 0.934307 0.000000
vt 0.941606 1.000000
vt 0.941606 0.000000
vt 0.948905 1.000000
vt 0.948905 0.000000
vt 0.956204 1.000000
vt 0.956204 0.000000
vt 0.963504 1.000000
vt 0.963504 0.000000
vt 0.970803 1.000000
vt 0.970803 0.000000
vt 0.978102 1.000000
vt 0.978102 0.000000
vt 0.985401 1.000000
vt 0.985401 0.000000
vt 0.992701 1.000000
vt 0.992701 0.000000
vt 0.018182 1.000000
vt 0.018182 0.000000
vt 0.036364 1.000000
vt 0.036364 0.000000
vt 0.054545 1.000000
vt 0.054545 0.000000
vt 0.072727 1.000000
vt 0.072727 0.000000
vt 0.090909 1.000000
vt 0.090909 0.000000
vt 0.109091 1.000000
vt 0.109091 0.000000
vt 0.127273 1.000000
vt 0.127273 0.000000
vt 0.145455 1.000000
vt 0.145455 0.000000
vt 0.163636 1.000000
vt 0.163636 0.000000
vt 0.181818 1.000000
vt 0.181818 0.000000
vt 0.218182 1.000000
vt 0.218182 0.000000
vt 0.236364 1.000000
vt 0.236364 0.000000
vt 0.254545 1.000000
vt 0.254545 0.000000
vt 0.272727 1.000000
vt 0.272727 0.000000
vt 0.290909 1.000000
vt 0.290909 0.000000
vt 0.309091 1.000000
vt 0.309091 0.000000
vt 0.327273 1.000000
vt 0.327273 0.000000
vt 0.345455 1.000000
vt 0.345455 0.000000
vt 0.363636 1.000000
vt 0.363636 0.000000
vt 0.381818 1.000000
vt 0.381818 0.000000
vt 0.418182 1.000000
vt 0.418182 0.000000
vt 0.436364 1.000000
vt 0.436364 0.000000
vt 0.454545 1.000000
vt 0.454545 0.000000
vt 0.472727 1.000000
vt 0.472727 0.000000
vt 0.490909 1.000000
vt 0.490909 0.000000
vt 0.509091 1.000000
vt 0.509091 0.000000
vt 0.527273 1.000000
vt 0.527273 0.000000
vt 0.545455 1.000000
vt 0.545455 0.000000
vt 0.563636 1.000000
vt 0.563636 0.000000
vt 0.581818 1.000000
vt 0.581818 0.000000
vt 0.618182 1.000000
vt 0.618182 0.000000
vt 0.636364 1.000000
vt 0.636364 0.000000
vt 0.654545 1.000000
vt 0.654545 0.000000
vt 0.672727 1.000000
vt 0.672727 0.000000
vt 0.690909 1.000000
vt 0.690909 0.000000
vt 0.709091 1.000000
vt 0.709091 0.000000
vt 0.727273 1.000000
vt 0.727273 0.000000
vt 0.745455 1.000000
vt 0.745455 0.000000
vt 0.763636 1.000000
vt 0.763636 0.000000
vt 0.781818 1.000000
vt 0.781818 0.000000
vt 0.818182 1.000000
vt 0.818182 0.000000
vt 0.836364 1.000000
vt 0.836364 0.000000
vt 0.854545 1.000000
vt 0.854545 0.000000
vt 0.872727 1.000000
vt 0.872727 0.000000
vt 0.890909 1.000000
vt 0.890909 0.000000
vt 0.909091 1.000000
vt 0.909091 0.000000
vt 0.927273 1.000000
vt 0.927273 0.000000
vt 0.945455 1.000000
vt 0.945455 0.000000
vt 0.963636 1.000000
vt 0.963636 0.000000
vt 0.981818 1.000000
vt 0.981818 0.000000
s 0
usemtl Material.001
f 98/1/1 100/2/1 99/3/1
f 97/4/1 100/2/1 98/1/1
f 97/4/1 101/5/1 100/2/1
f 96/6/1 101/5/1 97/4/1
f 95/7/1 101/5/1 96/6/1
f 95/7/1 102/8/1 101/5/1
f 94/9/1 102/8/1 95/7/1
f 94/9/1 103/10/1 102/8/1
f 93/11/1 103/10/1 94/9/1
f 92/12/1 103/10/1 93/11/1
f 92/12/1 104/13/1 103/10/1
f 91/14/1 104/13/1 92/12/1
f 91/14/1 105/15/1 104/13/1
f 90/16/1 105/15/1 91/14/1
f 89/17/1 105/15/1 90/16/1
f 89/17/1 106/18/1 105/15/1
f 88/19/1 106/18/1 89/17/1
f 88/19/1 107/20/1 106/18/1
f 87/21/1 107/20/1 88/19/1
f 86/22/1 85/23/1 87/21/1
f 85/23/1 84/24/1 87/21/1
f 84/24/1 83/25/1 87/21/1
f 83/25/1 82/26/1 87/21/1
f 82/26/1 81/27/1 87/21/1
f 81/27/1 80/28/1 87/21/1
f 80/28/1 79/29/1 87/21/1
f 79/29/1 78/30/1 87/21/1
f 78/30/1 77/31/1 87/21/1
f 77/31/1 76/32/1 87/21/1
f 76/32/1 107/20/1 87/21/1
f 76/32/1 75/33/1 107/20/1
f 75/33/1 74/34/1 107/20/1
f 74/34/1 108/35/1 107/20/1
f 74/34/1 73/36/1 108/35/1
f 73/36/1 109/37/1 108/35/1
f 72/38/1 109/37/1 73/36/1
f 71/39/1 109/37/1 72/38/1
f 70/40/1 109/37/1 71/39/1
f 69/41/1 109/37/1 70/40/1
f 68/42/1 109/37/1 69/41/1
f 68/42/1 110/43/1 109/37/1
f 67/44/1 110/43/1 68/42/1
f 66/45/1 110/43/1 67/44/1
f 65/46/1 110/43/1 66/45/1
f 65/46/1 111/47/1 110/43/1
f 64/48/1 111/47/1 65/46/1
f 63/49/1 111/47/1 64/48/1
f 63/49/1 112/50/1 111/47/1
f 62/51/1 112/50/1 63/49/1
f 61/52/1 112/50/1 62/51/1
f 60/53/1 174/54/1 61/52/1
f 174/54/1 112/50/1 61/52/1
f 59/55/1 174/54/1 60/53/1
f 58/56/1 174/54/1 59/55/1
f 57/57/1 174/54/1 58/56/1
f 56/58/1 174/54/1 57/57/1
f 56/58/1 138/59/1 174/54/1
f 173/60/1 112/50/1 174/54/1
f 56/58/1 139/61/1 138/59/1
f 55/62/1 139/61/1 56/58/1
f 55/62/1 140/63/1 139/61/1
f 54/64/1 140/63/1 55/62/1
f 54/64/1 141/65/1 140/63/1
f 53/66/1 141/65/1 54/64/1
f 53/66/1 142/67/1 141/65/1
f 53/66/1 143/68/1 142/67/1
f 52/69/1 143/68/1 53/66/1
f 52/69/1 144/70/1 143/68/1
f 51/71/1 144/70/1 52/69/1
f 51/71/1 145/72/1 144/70/1
f 51/71/1 146/73/1 145/72/1
f 50/74/1 146/73/1 51/71/1
f 50/74/1 147/75/1 146/73/1
f 50/74/1 148/76/1 147/75/1
f 49/77/1 148/76/1 50/74/1
f 49/77/1 149/78/1 148/76/1
f 48/79/1 149/78/1 49/77/1
f 48/79/1 150/80/1 149/78/1
f 48/79/1 151/81/1 150/80/1
f 47/82/1 151/81/1 48/79/1
f 47/82/1 152/83/1 151/81/1
f 47/82/1 153/84/1 152/83/1
f 172/85/1 112/50/1 173/60/1
f 46/86/1 153/84/1 47/82/1
f 171/87/1 112/50/1 172/85/1
f 46/86/1 154/88/1 153/84/1
f 170/89/1 112/50/1 171/87/1
f 135/90/1 137/91/1 136/92/1
f 170/89/1 113/93/1 112/50/1
f 46/86/1 155/94/1 154/88/1
f 134/95/1 137/91/1 135/90/1
f 169/96/1 113/93/1 170/89/1
f 169/96/1 114/97/1 113/93/1
f 133/98/1 137/91/1 134/95/1
f 45/99/1 155/94/1 46/86/1
f 45/99/1 156/100/1 155/94/1
f 169/96/1 115/101/1 114/97/1
f 168/102/1 115/101/1 169/96/1
f 132/103/1 137/91/1 133/98/1
f 168/102/1 116/104/1 115/101/1
f 167/105/1 116/104/1 168/102/1
f 131/106/1 137/91/1 132/103/1
f 45/99/1 157/107/1 156/100/1
f 167/105/1 117/108/1 116/104/1
f 130/109/1 137/91/1 131/106/1
f 166/110/1 117/108/1 167/105/1
f 166/110/1 118/111/1 117/108/1
f 129/112/1 137/91/1 130/109/1
f 45/99/1 158/113/1 157/107/1
f 166/110/1 119/114/1 118/111/1
f 165/115/1 119/114/1 166/110/1
f 128/116/1 137/91/1 129/112/1
f 165/115/1 120/117/1 119/114/1
f 44/118/1 158/113/1 45/99/1
f 127/119/1 137/91/1 128/116/1
f 44/118/1 159/120/1 158/113/1
f 164/121/1 120/117/1 165/115/1
f 164/121/1 121/122/1 120/117/1
f 126/123/1 137/91/1 127/119/1
f 164/121/1 122/124/1 121/122/1
f 125/125/1 137/91/1 126/123/1
f 163/126/1 122/124/1 164/121/1
f 163/126/1 123/127/1 122/124/1
f 124/128/1 137/91/1 125/125/1
f 163/126/1 124/128/1 123/127/1
f 44/118/1 160/129/1 159/120/1
f 163/126/1 137/91/1 124/128/1
f 162/130/1 137/91/1 163/126/1
f 44/118/1 161/131/1 160/129/1
f 161/131/1 137/91/1 162/130/1
f 44/118/1 24/132/1 161/131/1
f 24/132/1 137/91/1 161/131/1
f 43/133/1 24/132/1 44/118/1
f 43/133/1 25/134/1 24/132/1
f 23/135/1 137/91/1 24/132/1
f 42/136/1 25/134/1 43/133/1
f 42/136/1 26/137/1 25/134/1
f 22/138/1 137/91/1 23/135/1
f 22/138/1 1/139/1 137/91/1
f 41/140/1 26/137/1 42/136/1
f 41/140/1 27/141/1 26/137/1
f 21/142/1 1/139/1 22/138/1
f 21/142/1 2/143/1 1/139/1
f 41/140/1 28/144/1 27/141/1
f 20/145/1 2/143/1 21/142/1
f 40/146/1 28/144/1 41/140/1
f 20/145/1 3/147/1 2/143/1
f 40/146/1 29/148/1 28/144/1
f 19/149/1 3/147/1 20/145/1
f 19/149/1 4/150/1 3/147/1
f 39/151/1 29/148/1 40/146/1
f 39/151/1 30/152/1 29/148/1
f 18/153/1 4/150/1 19/149/1
f 18/153/1 5/154/1 4/150/1
f 39/151/1 31/155/1 30/152/1
f 17/156/1 5/154/1 18/153/1
f 17/156/1 6/157/1 5/154/1
f 38/158/1 31/155/1 39/151/1
f 38/158/1 32/159/1 31/155/1
f 16/160/1 6/157/1 17/156/1
f 16/160/1 7/161/1 6/157/1
f 38/158/1 33/162/1 32/159/1
f 16/160/1 8/163/1 7/161/1
f 15/164/1 8/163/1 16/160/1
f 37/165/1 33/162/1 38/158/1
f 15/164/1 9/166/1 8/163/1
f 37/165/1 34/167/1 33/162/1
f 14/168/1 9/166/1 15/164/1
f 14/168/1 10/169/1 9/166/1
f 37/165/1 35/170/1 34/167/1
f 13/171/1 10/169/1 14/168/1
f 36/172/1 35/170/1 37/165/1
f 13/171/1 11/173/1 10/169/1
f 12/174/1 11/173/1 13/171/1
f 187/175/1 189/176/1 188/177/1
f 187/175/1 190/178/1 189/176/1
f 186/179/1 190/178/1 187/175/1
f 186/179/1 191/180/1 190/178/1
f 185/181/1 191/180/1 186/179/1
f 185/181/1 192/182/1 191/180/1
f 185/181/1 193/183/1 192/182/1
f 184/184/1 193/183/1 185/181/1
f 184/184/1 194/185/1 193/183/1
f 227/186/1 229/54/1 228/187/1
f 227/186/1 175/139/1 229/54/1
f 183/188/1 194/185/1 184/184/1
f 183/188/1 195/189/1 194/185/1
f 183/188/1 196/190/1 195/189/1
f 182/191/1 196/190/1 183/188/1
f 182/191/1 197/192/1 196/190/1
f 181/193/1 197/192/1 182/191/1
f 181/193/1 198/194/1 197/192/1
f 181/193/1 199/195/1 198/194/1
f 180/196/1 199/195/1 181/193/1
f 180/196/1 200/197/1 199/195/1
f 179/198/1 200/197/1 180/196/1
f 179/198/1 210/199/1 200/197/1
f 210/199/1 209/200/1 200/197/1
f 209/200/1 208/201/1 200/197/1
f 208/201/1 207/202/1 200/197/1
f 207/202/1 206/203/1 200/197/1
f 206/203/1 205/204/1 200/197/1
f 205/204/1 204/205/1 200/197/1
f 204/205/1 203/206/1 200/197/1
f 203/206/1 202/207/1 200/197/1
f 202/207/1 201/208/1 200/197/1
f 178/209/1 212/210/1 179/198/1
f 212/210/1 211/211/1 179/198/1
f 211/211/1 210/199/1 179/198/1
f 177/212/1 214/213/1 178/209/1
f 214/213/1 213/214/1 178/209/1
f 213/214/1 212/210/1 178/209/1
f 177/212/1 215/215/1 214/213/1
f 177/212/1 216/216/1 215/215/1
f 176/217/1 216/216/1 177/212/1
f 176/217/1 217/218/1 216/216/1
f 176/217/1 218/219/1 217/218/1
f 227/186/1 176/217/1 175/139/1
f 227/186/1 222/220/1 176/217/1
f 222/220/1 221/221/1 176/217/1
f 221/221/1 220/222/1 176/217/1
f 220/222/1 219/223/1 176/217/1
f 219/223/1 218/219/1 176/217/1
f 227/186/1 223/224/1 222/220/1
f 227/186/1 224/225/1 223/224/1
f 227/186/1 225/226/1 224/225/1
f 227/186/1 226/227/1 225/226/1
f 327/1/1 329/2/1 328/3/1
f 326/4/1 329/2/1 327/1/1
f 326/4/1 330/5/1 329/2/1
f 325/6/1 330/5/1 326/4/1
f 324/7/1 330/5/1 325/6/1
f 324/7/1 331/8/1 330/5/1
f 323/9/1 331/8/1 324/7/1
f 323/9/1 332/10/1 331/8/1
f 322/11/1 332/10/1 323/9/1
f 321/12/1 332/10/1 322/11/1
f 321/12/1 333/13/1 332/10/1
f 320/14/1 333/13/1 321/12/1
f 320/14/1 334/15/1 333/13/1
f 319/16/1 334/15/1 320/14/1
f 318/17/1 334/15/1 319/16/1
f 318/17/1 335/18/1 334/15/1
f 317/19/1 335/18/1 318/17/1
f 317/19/1 336/20/1 335/18/1
f 316/21/1 336/20/1 317/19/1
f 315/22/1 314/23/1 316/21/1
f 314/23/1 313/24/1 316/21/1
f 313/24/1 312/25/1 316/21/1
f 312/25/1 311/26/1 316/21/1
f 311/26/1 310/27/1 316/21/1
f 310/27/1 309/28/1 316/21/1
f 309/28/1 308/29/1 316/21/1
f 308/29/1 307/30/1 316/21/1
f 307/30/1 306/31/1 316/21/1
f 306/31/1 305/32/1 316/21/1
f 305/32/1 336/20/1 316/21/1
f 305/32/1 304/33/1 336/20/1
f 304/33/1 303/34/1 336/20/1
f 303/34/1 337/35/1 336/20/1
f 303/34/1 302/36/1 337/35/1
f 302/36/1 338/37/1 337/35/1
f 301/38/1 338/37/1 302/36/1
f 300/39/1 338/37/1 301/38/1
f 299/40/1 338/37/1 300/39/1
f 298/41/1 338/37/1 299/40/1
f 297/42/1 338/37/1 298/41/1
f 297/42/1 339/43/1 338/37/1
f 296/44/1 339/43/1 297/42/1
f 295/45/1 339/43/1 296/44/1
f 294/46/1 339/43/1 295/45/1
f 294/46/1 340/47/1 339/43/1
f 293/48/1 340/47/1 294/46/1
f 292/49/1 340/47/1 293/48/1
f 292/49/1 341/50/1 340/47/1
f 291/51/1 341/50/1 292/49/1
f 290/52/1 341/50/1 291/51/1
f 289/53/1 403/54/1 290/52/1
f 403/54/1 341/50/1 290/52/1
f 288/55/1 403/54/1 289/53/1
f 287/56/1 403/54/1 288/55/1
f 286/57/1 403/54/1 287/56/1
f 285/58/1 403/54/1 286/57/1
f 285/58/1 367/59/1 403/54/1
f 402/60/1 341/50/1 403/54/1
f 285/58/1 368/61/1 367/59/1
f 284/62/1 368/61/1 285/58/1
f 284/62/1 369/63/1 368/61/1
f 283/64/1 369/63/1 284/62/1
f 283/64/1 370/65/1 369/63/1
f 282/66/1 370/65/1 283/64/1
f 282/66/1 371/67/1 370/65/1
f 282/66/1 372/68/1 371/67/1
f 281/69/1 372/68/1 282/66/1
f 281/69/1 373/70/1 372/68/1
f 280/71/1 373/70/1 281/69/1
f 280/71/1 374/72/1 373/70/1
f 280/71/1 375/73/1 374/72/1
f 279/74/1 375/73/1 280/71/1
f 279/74/1 376/75/1 375/73/1
f 279/74/1 377/76/1 376/75/1
f 278/77/1 377/76/1 279/74/1
f 278/77/1 378/78/1 377/76/1
f 277/79/1 378/78/1 278/77/1
f 277/79/1 379/80/1 378/78/1
f 277/79/1 380/81/1 379/80/1
f 276/82/1 380/81/1 277/79/1
f 276/82/1 381/83/1 380/81/1
f 276/82/1 382/84/1 381/83/1
f 401/85/1 341/50/1 402/60/1
f 275/86/1 382/84/1 276/82/1
f 400/87/1 341/50/1 401/85/1
f 275/86/1 383/88/1 382/84/1
f 399/89/1 341/50/1 400/87/1
f 364/90/1 366/91/1 365/92/1
f 399/89/1 342/93/1 341/50/1
f 275/86/1 384/94/1 383/88/1
f 363/95/1 366/91/1 364/90/1
f 398/96/1 342/93/1 399/89/1
f 398/96/1 343/97/1 342/93/1
f 362/98/1 366/91/1 363/95/1
f 274/99/1 384/94/1 275/86/1
f 274/99/1 385/100/1 384/94/1
f 398/96/1 344/101/1 343/97/1
f 397/102/1 344/101/1 398/96/1
f 361/103/1 366/91/1 362/98/1
f 397/102/1 345/104/1 344/101/1
f 396/105/1 345/104/1 397/102/1
f 360/106/1 366/91/1 361/103/1
f 274/99/1 386/107/1 385/100/1
f 396/105/1 346/108/1 345/104/1
f 359/109/1 366/91/1 360/106/1
f 395/110/1 346/108/1 396/105/1
f 395/110/1 347/111/1 346/108/1
f 358/112/1 366/91/1 359/109/1
f 274/99/1 387/113/1 386/107/1
f 395/110/1 348/114/1 347/111/1
f 394/115/1 348/114/1 395/110/1
f 357/116/1 366/91/1 358/112/1
f 394/115/1 349/117/1 348/114/1
f 273/118/1 387/113/1 274/99/1
f 356/119/1 366/91/1 357/116/1
f 273/118/1 388/120/1 387/113/1
f 393/121/1 349/117/1 394/115/1
f 393/121/1 350/122/1 349/117/1
f 355/123/1 366/91/1 356/119/1
f 393/121/1 351/124/1 350/122/1
f 354/125/1 366/91/1 355/123/1
f 392/126/1 351/124/1 393/121/1
f 392/126/1 352/127/1 351/124/1
f 353/128/1 366/91/1 354/125/1
f 392/126/1 353/128/1 352/127/1
f 273/118/1 389/129/1 388/120/1
f 392/126/1 366/91/1 353/128/1
f 391/130/1 366/91/1 392/126/1
f 273/118/1 390/131/1 389/129/1
f 390/131/1 366/91/1 391/130/1
f 273/118/1 253/132/1 390/131/1
f 253/132/1 366/91/1 390/131/1
f 272/133/1 253/132/1 273/118/1
f 272/133/1 254/134/1 253/132/1
f 252/135/1 366/91/1 253/132/1
f 271/136/1 254/134/1 272/133/1
f 271/136/1 255/137/1 254/134/1
f 251/138/1 366/91/1 252/135/1
f 251/138/1 230/139/1 366/91/1
f 270/140/1 255/137/1 271/136/1
f 270/140/1 256/141/1 255/137/1
f 250/142/1 230/139/1 251/138/1
f 250/142/1 231/143/1 230/139/1
f 270/140/1 257/144/1 256/141/1
f 249/145/1 231/143/1 250/142/1
f 269/146/1 257/144/1 270/140/1
f 249/145/1 232/147/1 231/143/1
f 269/146/1 258/148/1 257/144/1
f 248/149/1 232/147/1 249/145/1
f 248/149/1 233/150/1 232/147/1
f 268/151/1 258/148/1 269/146/1
f 268/151/1 259/152/1 258/148/1
f 247/153/1 233/150/1 248/149/1
f 247/153/1 234/154/1 233/150/1
f 268/151/1 260/155/1 259/152/1
f 246/156/1 234/154/1 247/153/1
f 246/156/1 235/157/1 234/154/1
f 267/158/1 260/155/1 268/151/1
f 267/158/1 261/159/1 260/155/1
f 245/160/1 235/157/1 246/156/1
f 245/160/1 236/161/1 235/157/1
f 267/158/1 262/162/1 261/159/1
f 245/160/1 237/163/1 236/161/1
f 244/164/1 237/163/1 245/160/1
f 266/165/1 262/162/1 267/158/1
f 244/164/1 238/166/1 237/163/1
f 266/165/1 263/167/1 262/162/1
f 243/168/1 238/166/1 244/164/1
f 243/168/1 239/169/1 238/166/1
f 266/165/1 264/170/1 263/167/1
f 242/171/1 239/169/1 243/168/1
f 265/172/1 264/170/1 266/165/1
f 242/171/1 240/173/1 239/169/1
f 241/174/1 240/173/1 242/171/1
f 459/228/1 461/54/1 460/229/1
f 459/228/1 404/139/1 461/54/1
f 459/228/1 405/230/1 404/139/1
f 458/231/1 405/230/1 459/228/1
f 457/232/1 405/230/1 458/231/1
f 456/233/1 406/234/1 457/232/1
f 406/234/1 405/230/1 457/232/1
f 456/233/1 407/235/1 406/234/1
f 456/233/1 408/236/1 407/235/1
f 455/237/1 408/236/1 456/233/1
f 455/237/1 409/238/1 408/236/1
f 455/237/1 410/239/1 409/238/1
f 454/240/1 410/239/1 455/237/1
f 454/240/1 411/241/1 410/239/1
f 430/242/1 432/243/1 431/244/1
f 429/245/1 432/243/1 430/242/1
f 454/240/1 412/246/1 411/241/1
f 428/247/1 432/243/1 429/245/1
f 453/248/1 412/246/1 454/240/1
f 453/248/1 413/249/1 412/246/1
f 427/250/1 432/243/1 428/247/1
f 426/251/1 432/243/1 427/250/1
f 453/248/1 414/252/1 413/249/1
f 425/253/1 432/243/1 426/251/1
f 453/248/1 415/254/1 414/252/1
f 424/255/1 432/243/1 425/253/1
f 453/248/1 416/256/1 415/254/1
f 423/183/1 432/243/1 424/255/1
f 452/257/1 416/256/1 453/248/1
f 422/258/1 432/243/1 423/183/1
f 452/257/1 417/259/1 416/256/1
f 421/260/1 432/243/1 422/258/1
f 452/257/1 418/261/1 417/259/1
f 420/262/1 432/243/1 421/260/1
f 452/257/1 419/263/1 418/261/1
f 419/263/1 432/243/1 420/262/1
f 452/257/1 432/243/1 419/263/1
f 451/264/1 432/243/1 452/257/1
f 450/265/1 432/243/1 451/264/1
f 449/266/1 432/243/1 450/265/1
f 449/266/1 433/267/1 432/243/1
f 448/268/1 433/267/1 449/266/1
f 448/268/1 434/269/1 433/267/1
f 448/268/1 435/270/1 434/269/1
f 447/271/1 435/270/1 448/268/1
f 447/271/1 436/272/1 435/270/1
f 447/271/1 437/273/1 436/272/1
f 447/271/1 438/274/1 437/273/1
f 446/275/1 438/274/1 447/271/1
f 446/275/1 439/276/1 438/274/1
f 446/275/1 440/277/1 439/276/1
f 445/278/1 440/277/1 446/275/1
f 445/278/1 441/279/1 440/277/1
f 445/278/1 442/211/1 441/279/1
f 444/280/1 442/211/1 445/278/1
f 444/280/1 443/281/1 442/211/1
f 496/282/1 498/283/1 497/284/1
f 496/282/1 499/285/1 498/283/1
f 495/286/1 499/285/1 496/282/1
f 495/286/1 500/287/1 499/285/1
f 494/288/1 500/287/1 495/286/1
f 494/288/1 501/289/1 500/287/1
f 493/290/1 501/289/1 494/288/1
f 493/290/1 502/291/1 501/289/1
f 492/292/1 502/291/1 493/290/1
f 492/292/1 503/293/1 502/291/1
f 491/294/1 503/293/1 492/292/1
f 491/294/1 504/295/1 503/293/1
f 490/296/1 547/297/1 491/294/1
f 547/297/1 504/295/1 491/294/1
f 490/296/1 548/298/1 547/297/1
f 546/299/1 504/295/1 547/297/1
f 490/296/1 549/300/1 548/298/1
f 545/301/1 504/295/1 546/299/1
f 490/296/1 550/302/1 549/300/1
f 544/303/1 504/295/1 545/301/1
f 544/303/1 505/304/1 504/295/1
f 490/296/1 551/305/1 550/302/1
f 489/306/1 551/305/1 490/296/1
f 543/307/1 505/304/1 544/303/1
f 489/306/1 552/308/1 551/305/1
f 542/309/1 505/304/1 543/307/1
f 489/306/1 553/310/1 552/308/1
f 541/311/1 505/304/1 542/309/1
f 489/306/1 554/312/1 553/310/1
f 540/313/1 505/304/1 541/311/1
f 488/314/1 554/312/1 489/306/1
f 540/313/1 506/315/1 505/304/1
f 488/314/1 555/316/1 554/312/1
f 539/317/1 506/315/1 540/313/1
f 488/314/1 556/318/1 555/316/1
f 538/319/1 506/315/1 539/317/1
f 487/320/1 556/318/1 488/314/1
f 538/319/1 507/321/1 506/315/1
f 487/320/1 557/322/1 556/318/1
f 537/323/1 507/321/1 538/319/1
f 487/320/1 558/324/1 557/322/1
f 536/325/1 507/321/1 537/323/1
f 486/326/1 558/324/1 487/320/1
f 486/326/1 559/327/1 558/324/1
f 536/325/1 508/328/1 507/321/1
f 560/54/1 508/328/1 536/325/1
f 486/326/1 560/54/1 559/327/1
f 486/326/1 508/328/1 560/54/1
f 485/329/1 508/328/1 486/326/1
f 485/329/1 509/330/1 508/328/1
f 484/331/1 510/332/1 485/329/1
f 510/332/1 509/330/1 485/329/1
f 484/331/1 511/207/1 510/332/1
f 483/333/1 511/207/1 484/331/1
f 483/333/1 512/334/1 511/207/1
f 483/333/1 513/335/1 512/334/1
f 482/336/1 513/335/1 483/333/1
f 482/336/1 514/337/1 513/335/1
f 481/338/1 514/337/1 482/336/1
f 481/338/1 515/339/1 514/337/1
f 533/340/1 535/341/1 534/342/1
f 481/338/1 516/343/1 515/339/1
f 532/344/1 535/341/1 533/340/1
f 531/345/1 535/341/1 532/344/1
f 480/346/1 516/343/1 481/338/1
f 480/346/1 517/347/1 516/343/1
f 530/348/1 535/341/1 531/345/1
f 529/349/1 535/341/1 530/348/1
f 480/346/1 518/350/1 517/347/1
f 528/351/1 535/341/1 529/349/1
f 480/346/1 519/352/1 518/350/1
f 527/353/1 535/341/1 528/351/1
f 479/354/1 519/352/1 480/346/1
f 526/355/1 535/341/1 527/353/1
f 479/354/1 520/356/1 519/352/1
f 525/357/1 535/341/1 526/355/1
f 479/354/1 521/358/1 520/356/1
f 524/359/1 535/341/1 525/357/1
f 523/360/1 535/341/1 524/359/1
f 479/354/1 522/361/1 521/358/1
f 522/361/1 535/341/1 523/360/1
f 479/354/1 535/341/1 522/361/1
f 478/362/1 535/341/1 479/354/1
f 478/362/1 462/139/1 535/341/1
f 477/363/1 462/139/1 478/362/1
f 477/363/1 463/364/1 462/139/1
f 477/363/1 464/365/1 463/364/1
f 476/366/1 464/365/1 477/363/1
f 476/366/1 465/367/1 464/365/1
f 476/366/1 466/368/1 465/367/1
f 475/369/1 466/368/1 476/366/1
f 475/369/1 467/370/1 466/368/1
f 475/369/1 468/371/1 467/370/1
f 474/372/1 468/371/1 475/369/1
f 474/372/1 469/373/1 468/371/1
f 474/372/1 470/374/1 469/373/1
f 474/372/1 471/375/1 470/374/1
f 473/376/1 471/375/1 474/372/1
f 473/376/1 472/377/1 471/375/1
f 595/378/1 597/379/1 596/253/1
f 595/378/1 598/380/1 597/379/1
f 594/381/1 598/380/1 595/378/1
f 594/381/1 599/382/1 598/380/1
f 593/383/1 599/382/1 594/381/1
f 593/383/1 600/384/1 599/382/1
f 592/385/1 600/384/1 593/383/1
f 592/385/1 601/247/1 600/384/1
f 591/258/1 601/247/1 592/385/1
f 591/258/1 602/386/1 601/247/1
f 590/387/1 602/386/1 591/258/1
f 590/387/1 603/388/1 602/386/1
f 589/389/1 644/390/1 590/387/1
f 644/390/1 603/388/1 590/387/1
f 589/389/1 645/391/1 644/390/1
f 643/392/1 603/388/1 644/390/1
f 589/389/1 646/237/1 645/391/1
f 642/393/1 603/388/1 643/392/1
f 589/389/1 647/394/1 646/237/1
f 641/257/1 603/388/1 642/393/1
f 641/257/1 604/395/1 603/388/1
f 588/396/1 647/394/1 589/389/1
f 588/396/1 648/397/1 647/394/1
f 640/398/1 604/395/1 641/257/1
f 588/396/1 649/399/1 648/397/1
f 639/400/1 604/395/1 640/398/1
f 588/396/1 650/401/1 649/399/1
f 638/402/1 604/395/1 639/400/1
f 638/402/1 605/403/1 604/395/1
f 587/404/1 650/401/1 588/396/1
f 587/404/1 651/231/1 650/401/1
f 637/405/1 605/403/1 638/402/1
f 587/404/1 652/406/1 651/231/1
f 636/266/1 605/403/1 637/405/1
f 636/266/1 606/244/1 605/403/1
f 586/263/1 652/406/1 587/404/1
f 586/263/1 653/407/1 652/406/1
f 635/408/1 606/244/1 636/266/1
f 635/408/1 607/409/1 606/244/1
f 585/410/1 653/407/1 586/263/1
f 585/410/1 654/411/1 653/407/1
f 634/412/1 607/409/1 635/408/1
f 585/410/1 655/413/1 654/411/1
f 633/414/1 607/409/1 634/412/1
f 633/414/1 608/415/1 607/409/1
f 584/416/1 655/413/1 585/410/1
f 584/416/1 656/54/1 655/413/1
f 632/417/1 608/415/1 633/414/1
f 583/418/1 656/54/1 584/416/1
f 583/418/1 609/419/1 656/54/1
f 632/417/1 561/139/1 608/415/1
f 631/275/1 561/139/1 632/417/1
f 583/418/1 610/420/1 609/419/1
f 630/421/1 561/139/1 631/275/1
f 582/422/1 610/420/1 583/418/1
f 630/421/1 562/423/1 561/139/1
f 582/422/1 611/269/1 610/420/1
f 629/424/1 562/423/1 630/421/1
f 582/422/1 612/425/1 611/269/1
f 581/256/1 612/425/1 582/422/1
f 628/426/1 562/423/1 629/424/1
f 628/426/1 563/427/1 562/423/1
f 581/256/1 613/428/1 612/425/1
f 627/429/1 563/427/1 628/426/1
f 580/430/1 613/428/1 581/256/1
f 627/429/1 564/431/1 563/427/1
f 580/430/1 614/432/1 613/428/1
f 626/281/1 564/431/1 627/429/1
f 580/430/1 615/433/1 614/432/1
f 625/434/1 564/431/1 626/281/1
f 579/435/1 615/433/1 580/430/1
f 625/434/1 565/436/1 564/431/1
f 579/435/1 616/273/1 615/433/1
f 624/437/1 565/436/1 625/434/1
f 579/435/1 617/438/1 616/273/1
f 623/439/1 565/436/1 624/437/1
f 579/435/1 618/440/1 617/438/1
f 622/441/1 565/436/1 623/439/1
f 578/442/1 618/440/1 579/435/1
f 622/441/1 566/235/1 565/436/1
f 578/442/1 619/443/1 618/440/1
f 621/277/1 566/235/1 622/441/1
f 578/442/1 620/444/1 619/443/1
f 620/444/1 566/235/1 621/277/1
f 578/442/1 566/235/1 620/444/1
f 577/445/1 566/235/1 578/442/1
f 577/445/1 567/446/1 566/235/1
f 576/249/1 567/446/1 577/445/1
f 576/249/1 568/447/1 567/446/1
f 575/448/1 568/447/1 576/249/1
f 575/448/1 569/449/1 568/447/1
f 574/450/1 569/449/1 575/448/1
f 574/450/1 570/451/1 569/449/1
f 573/452/1 570/451/1 574/450/1
f 573/452/1 571/239/1 570/451/1
f 572/453/1 571/239/1 573/452/1
f 663/211/1 665/224/1 664/218/1
f 663/211/1 666/54/1 665/224/1
f 662/204/1 666/54/1 663/211/1
f 662/204/1 661/195/1 666/54/1
f 657/139/1 659/175/1 658/193/1
f 657/139/1 660/183/1 659/175/1
f 701/378/1 703/379/1 702/253/1
f 701/378/1 704/380/1 703/379/1
f 700/381/1 704/380/1 701/378/1
f 700/381/1 705/382/1 704/380/1
f 699/383/1 705/382/1 700/381/1
f 699/383/1 706/384/1 705/382/1
f 698/385/1 706/384/1 699/383/1
f 698/385/1 707/247/1 706/384/1
f 697/258/1 707/247/1 698/385/1
f 697/258/1 708/386/1 707/247/1
f 696/387/1 708/386/1 697/258/1
f 696/387/1 709/388/1 708/386/1
f 695/389/1 750/390/1 696/387/1
f 750/390/1 709/388/1 696/387/1
f 695/389/1 751/391/1 750/390/1
f 749/392/1 709/388/1 750/390/1
f 695/389/1 752/237/1 751/391/1
f 748/393/1 709/388/1 749/392/1
f 695/389/1 753/394/1 752/237/1
f 747/257/1 709/388/1 748/393/1
f 747/257/1 710/395/1 709/388/1
f 694/396/1 753/394/1 695/389/1
f 694/396/1 754/397/1 753/394/1
f 746/398/1 710/395/1 747/257/1
f 694/396/1 755/399/1 754/397/1
f 745/400/1 710/395/1 746/398/1
f 694/396/1 756/401/1 755/399/1
f 744/402/1 710/395/1 745/400/1
f 744/402/1 711/403/1 710/395/1
f 693/404/1 756/401/1 694/396/1
f 693/404/1 757/231/1 756/401/1
f 743/405/1 711/403/1 744/402/1
f 693/404/1 758/406/1 757/231/1
f 742/266/1 711/403/1 743/405/1
f 742/266/1 712/244/1 711/403/1
f 692/263/1 758/406/1 693/404/1
f 692/263/1 759/407/1 758/406/1
f 741/408/1 712/244/1 742/266/1
f 741/408/1 713/409/1 712/244/1
f 691/410/1 759/407/1 692/263/1
f 691/410/1 760/411/1 759/407/1
f 740/412/1 713/409/1 741/408/1
f 691/410/1 761/413/1 760/411/1
f 739/414/1 713/409/1 740/412/1
f 739/414/1 714/415/1 713/409/1
f 690/416/1 761/413/1 691/410/1
f 690/416/1 762/54/1 761/413/1
f 738/417/1 714/415/1 739/414/1
f 689/418/1 762/54/1 690/416/1
f 689/418/1 715/419/1 762/54/1
f 738/417/1 667/139/1 714/415/1
f 737/275/1 667/139/1 738/417/1
f 689/418/1 716/420/1 715/419/1
f 736/421/1 667/139/1 737/275/1
f 688/422/1 716/420/1 689/418/1
f 736/421/1 668/423/1 667/139/1
f 688/422/1 717/269/1 716/420/1
f 735/424/1 668/423/1 736/421/1
f 688/422/1 718/425/1 717/269/1
f 687/256/1 718/425/1 688/422/1
f 734/426/1 668/423/1 735/424/1
f 734/426/1 669/427/1 668/423/1
f 687/256/1 719/428/1 718/425/1
f 733/429/1 669/427/1 734/426/1
f 686/430/1 719/428/1 687/256/1
f 733/429/1 670/431/1 669/427/1
f 686/430/1 720/432/1 719/428/1
f 732/281/1 670/431/1 733/429/1
f 686/430/1 721/433/1 720/432/1
f 731/434/1 670/431/1 732/281/1
f 685/435/1 721/433/1 686/430/1
f 731/434/1 671/436/1 670/431/1
f 685/435/1 722/273/1 721/433/1
f 730/437/1 671/436/1 731/434/1
f 685/435/1 723/438/1 722/273/1
f 729/439/1 671/436/1 730/437/1
f 685/435/1 724/440/1 723/438/1
f 728/441/1 671/436/1 729/439/1
f 684/442/1 724/440/1 685/435/1
f 728/441/1 672/235/1 671/436/1
f 684/442/1 725/443/1 724/440/1
f 727/277/1 672/235/1 728/441/1
f 684/442/1 726/444/1 725/443/1
f 726/444/1 672/235/1 727/277/1
f 684/442/1 672/235/1 726/444/1
f 683/445/1 672/235/1 684/442/1
f 683/445/1 673/446/1 672/235/1
f 682/249/1 673/446/1 683/445/1
f 682/249/1 674/447/1 673/446/1
f 681/448/1 674/447/1 682/249/1
f 681/448/1 675/449/1 674/447/1
f 680/450/1 675/449/1 681/448/1
f 680/450/1 676/451/1 675/449/1
f 679/452/1 676/451/1 680/450/1
f 679/452/1 677/239/1 676/451/1
f 678/453/1 677/239/1 679/452/1
f 800/454/1 802/455/1 801/456/1
f 800/454/1 803/54/1 802/455/1
f 799/457/1 803/54/1 800/454/1
f 798/458/1 803/54/1 799/457/1
f 798/458/1 763/139/1 803/54/1
f 797/459/1 763/139/1 798/458/1
f 797/459/1 764/460/1 763/139/1
f 796/461/1 764/460/1 797/459/1
f 795/405/1 764/460/1 796/461/1
f 795/405/1 765/462/1 764/460/1
f 794/463/1 765/462/1 795/405/1
f 794/463/1 766/464/1 765/462/1
f 793/465/1 766/464/1 794/463/1
f 792/466/1 766/464/1 793/465/1
f 791/467/1 766/464/1 792/466/1
f 791/467/1 767/468/1 766/464/1
f 790/469/1 767/468/1 791/467/1
f 789/470/1 767/468/1 790/469/1
f 788/471/1 767/468/1 789/470/1
f 786/472/1 788/471/1 787/440/1
f 786/472/1 767/468/1 788/471/1
f 786/472/1 768/473/1 767/468/1
f 786/472/1 769/474/1 768/473/1
f 786/472/1 770/475/1 769/474/1
f 786/472/1 771/430/1 770/475/1
f 786/472/1 772/476/1 771/430/1
f 786/472/1 773/477/1 772/476/1
f 785/478/1 773/477/1 786/472/1
f 785/478/1 774/479/1 773/477/1
f 784/480/1 774/479/1 785/478/1
f 783/207/1 774/479/1 784/480/1
f 782/481/1 774/479/1 783/207/1
f 781/482/1 774/479/1 782/481/1
f 780/483/1 774/479/1 781/482/1
f 779/382/1 774/479/1 780/483/1
f 778/484/1 774/479/1 779/382/1
f 777/485/1 774/479/1 778/484/1
f 776/486/1 774/479/1 777/485/1
f 775/487/1 774/479/1 776/486/1
f 901/1/2 902/3/2 903/2/2
f 900/4/2 901/1/2 903/2/2
f 900/4/2 903/2/2 904/5/2
f 899/6/2 900/4/2 904/5/2
f 898/7/2 899/6/2 904/5/2
f 898/7/2 904/5/2 905/8/2
f 897/9/2 898/7/2 905/8/2
f 897/9/2 905/8/2 906/10/2
f 896/11/2 897/9/2 906/10/2
f 895/12/2 896/11/2 906/10/2
f 895/12/2 906/10/2 907/13/2
f 894/14/2 895/12/2 907/13/2
f 894/14/2 907/13/2 908/15/2
f 893/16/2 894/14/2 908/15/2
f 892/17/2 893/16/2 908/15/2
f 892/17/2 908/15/2 909/18/2
f 891/19/2 892/17/2 909/18/2
f 891/19/2 909/18/2 910/20/2
f 890/21/2 891/19/2 910/20/2
f 889/22/2 890/21/2 888/23/2
f 888/23/2 890/21/2 887/24/2
f 887/24/2 890/21/2 886/25/2
f 886/25/2 890/21/2 885/26/2
f 885/26/2 890/21/2 884/27/2
f 884/27/2 890/21/2 883/28/2
f 883/28/2 890/21/2 882/29/2
f 882/29/2 890/21/2 881/30/2
f 881/30/2 890/21/2 880/31/2
f 880/31/2 890/21/2 879/32/2
f 879/32/2 890/21/2 910/20/2
f 879/32/2 910/20/2 878/33/2
f 878/33/2 910/20/2 877/34/2
f 877/34/2 910/20/2 911/35/2
f 877/34/2 911/35/2 876/36/2
f 876/36/2 911/35/2 912/37/2
f 875/38/2 876/36/2 912/37/2
f 874/39/2 875/38/2 912/37/2
f 873/40/2 874/39/2 912/37/2
f 872/41/2 873/40/2 912/37/2
f 871/42/2 872/41/2 912/37/2
f 871/42/2 912/37/2 913/43/2
f 870/44/2 871/42/2 913/43/2
f 869/45/2 870/44/2 913/43/2
f 868/46/2 869/45/2 913/43/2
f 868/46/2 913/43/2 914/47/2
f 867/48/2 868/46/2 914/47/2
f 866/49/2 867/48/2 914/47/2
f 866/49/2 914/47/2 915/50/2
f 865/51/2 866/49/2 915/50/2
f 864/52/2 865/51/2 915/50/2
f 863/53/2 864/52/2 977/54/2
f 977/54/2 864/52/2 915/50/2
f 862/55/2 863/53/2 977/54/2
f 861/56/2 862/55/2 977/54/2
f 860/57/2 861/56/2 977/54/2
f 859/58/2 860/57/2 977/54/2
f 859/58/2 977/54/2 941/59/2
f 976/60/2 977/54/2 915/50/2
f 859/58/2 941/59/2 942/61/2
f 858/62/2 859/58/2 942/61/2
f 858/62/2 942/61/2 943/63/2
f 857/64/2 858/62/2 943/63/2
f 857/64/2 943/63/2 944/65/2
f 856/66/2 857/64/2 944/65/2
f 856/66/2 944/65/2 945/67/2
f 856/66/2 945/67/2 946/68/2
f 855/69/2 856/66/2 946/68/2
f 855/69/2 946/68/2 947/70/2
f 854/71/2 855/69/2 947/70/2
f 854/71/2 947/70/2 948/72/2
f 854/71/2 948/72/2 949/73/2
f 853/74/2 854/71/2 949/73/2
f 853/74/2 949/73/2 950/75/2
f 853/74/2 950/75/2 951/76/2
f 852/77/2 853/74/2 951/76/2
f 852/77/2 951/76/2 952/78/2
f 851/79/2 852/77/2 952/78/2
f 851/79/2 952/78/2 953/80/2
f 851/79/2 953/80/2 954/81/2
f 850/82/2 851/79/2 954/81/2
f 850/82/2 954/81/2 955/83/2
f 850/82/2 955/83/2 956/84/2
f 975/85/2 976/60/2 915/50/2
f 849/86/2 850/82/2 956/84/2
f 974/87/2 975/85/2 915/50/2
f 849/86/2 956/84/2 957/88/2
f 973/89/2 974/87/2 915/50/2
f 938/90/2 939/92/2 940/91/2
f 973/89/2 915/50/2 916/93/2
f 849/86/2 957/88/2 958/94/2
f 937/95/2 938/90/2 940/91/2
f 972/96/2 973/89/2 916/93/2
f 972/96/2 916/93/2 917/97/2
f 936/98/2 937/95/2 940/91/2
f 848/99/2 849/86/2 958/94/2
f 848/99/2 958/94/2 959/100/2
f 972/96/2 917/97/2 918/101/2
f 971/102/2 972/96/2 918/101/2
f 935/103/2 936/98/2 940/91/2
f 971/102/2 918/101/2 919/104/2
f 970/105/2 971/102/2 919/104/2
f 934/106/2 935/103/2 940/91/2
f 848/99/2 959/100/2 960/107/2
f 970/105/2 919/104/2 920/108/2
f 933/109/2 934/106/2 940/91/2
f 969/110/2 970/105/2 920/108/2
f 969/110/2 920/108/2 921/111/2
f 932/112/2 933/109/2 940/91/2
f 848/99/2 960/107/2 961/113/2
f 969/110/2 921/111/2 922/114/2
f 968/115/2 969/110/2 922/114/2
f 931/116/2 932/112/2 940/91/2
f 968/115/2 922/114/2 923/117/2
f 847/118/2 848/99/2 961/113/2
f 930/119/2 931/116/2 940/91/2
f 847/118/2 961/113/2 962/120/2
f 967/121/2 968/115/2 923/117/2
f 967/121/2 923/117/2 924/122/2
f 929/123/2 930/119/2 940/91/2
f 967/121/2 924/122/2 925/124/2
f 928/125/2 929/123/2 940/91/2
f 966/126/2 967/121/2 925/124/2
f 966/126/2 925/124/2 926/127/2
f 927/128/2 928/125/2 940/91/2
f 966/126/2 926/127/2 927/128/2
f 847/118/2 962/120/2 963/129/2
f 966/126/2 927/128/2 940/91/2
f 965/130/2 966/126/2 940/91/2
f 847/118/2 963/129/2 964/131/2
f 964/131/2 965/130/2 940/91/2
f 847/118/2 964/131/2 827/132/2
f 827/132/2 964/131/2 940/91/2
f 846/133/2 847/118/2 827/132/2
f 846/133/2 827/132/2 828/134/2
f 826/135/2 827/132/2 940/91/2
f 845/136/2 846/133/2 828/134/2
f 845/136/2 828/134/2 829/137/2
f 825/138/2 826/135/2 940/91/2
f 825/138/2 940/91/2 804/139/2
f 844/140/2 845/136/2 829/137/2
f 844/140/2 829/137/2 830/141/2
f 824/142/2 825/138/2 804/139/2
f 824/142/2 804/139/2 805/143/2
f 844/140/2 830/141/2 831/144/2
f 823/145/2 824/142/2 805/143/2
f 843/146/2 844/140/2 831/144/2
f 823/145/2 805/143/2 806/147/2
f 843/146/2 831/144/2 832/148/2
f 822/149/2 823/145/2 806/147/2
f 822/149/2 806/147/2 807/150/2
f 842/151/2 843/146/2 832/148/2
f 842/151/2 832/148/2 833/152/2
f 821/153/2 822/149/2 807/150/2
f 821/153/2 807/150/2 808/154/2
f 842/151/2 833/152/2 834/155/2
f 820/156/2 821/153/2 808/154/2
f 820/156/2 808/154/2 809/157/2
f 841/158/2 842/151/2 834/155/2
f 841/158/2 834/155/2 835/159/2
f 819/160/2 820/156/2 809/157/2
f 819/160/2 809/157/2 810/161/2
f 841/158/2 835/159/2 836/162/2
f 819/160/2 810/161/2 811/163/2
f 818/164/2 819/160/2 811/163/2
f 840/165/2 841/158/2 836/162/2
f 818/164/2 811/163/2 812/166/2
f 840/165/2 836/162/2 837/167/2
f 817/168/2 818/164/2 812/166/2
f 817/168/2 812/166/2 813/169/2
f 840/165/2 837/167/2 838/170/2
f 816/171/2 817/168/2 813/169/2
f 839/172/2 840/165/2 838/170/2
f 816/171/2 813/169/2 814/173/2
f 815/174/2 816/171/2 814/173/2
f 990/175/2 991/177/2 992/176/2
f 990/175/2 992/176/2 993/178/2
f 989/179/2 990/175/2 993/178/2
f 989/179/2 993/178/2 994/180/2
f 988/181/2 989/179/2 994/180/2
f 988/181/2 994/180/2 995/182/2
f 988/181/2 995/182/2 996/183/2
f 987/184/2 988/181/2 996/183/2
f 987/184/2 996/183/2 997/185/2
f 1030/186/2 1031/187/2 1032/54/2
f 1030/186/2 1032/54/2 978/139/2
f 986/188/2 987/184/2 997/185/2
f 986/188/2 997/185/2 998/189/2
f 986/188/2 998/189/2 999/190/2
f 985/191/2 986/188/2 999/190/2
f 985/191/2 999/190/2 1000/192/2
f 984/193/2 985/191/2 1000/192/2
f 984/193/2 1000/192/2 1001/194/2
f 984/193/2 1001/194/2 1002/195/2
f 983/196/2 984/193/2 1002/195/2
f 983/196/2 1002/195/2 1003/197/2
f 982/198/2 983/196/2 1003/197/2
f 982/198/2 1003/197/2 1013/199/2
f 1013/199/2 1003/197/2 1012/200/2
f 1012/200/2 1003/197/2 1011/201/2
f 1011/201/2 1003/197/2 1010/202/2
f 1010/202/2 1003/197/2 1009/203/2
f 1009/203/2 1003/197/2 1008/204/2
f 1008/204/2 1003/197/2 1007/205/2
f 1007/205/2 1003/197/2 1006/206/2
f 1006/206/2 1003/197/2 1005/207/2
f 1005/207/2 1003/197/2 1004/208/2
f 981/209/2 982/198/2 1015/210/2
f 1015/210/2 982/198/2 1014/211/2
f 1014/211/2 982/198/2 1013/199/2
f 980/212/2 981/209/2 1017/213/2
f 1017/213/2 981/209/2 1016/214/2
f 1016/214/2 981/209/2 1015/210/2
f 980/212/2 1017/213/2 1018/215/2
f 980/212/2 1018/215/2 1019/216/2
f 979/217/2 980/212/2 1019/216/2
f 979/217/2 1019/216/2 1020/218/2
f 979/217/2 1020/218/2 1021/219/2
f 1030/186/2 978/139/2 979/217/2
f 1030/186/2 979/217/2 1025/220/2
f 1025/220/2 979/217/2 1024/221/2
f 1024/221/2 979/217/2 1023/222/2
f 1023/222/2 979/217/2 1022/223/2
f 1022/223/2 979/217/2 1021/219/2
f 1030/186/2 1025/220/2 1026/224/2
f 1030/186/2 1026/224/2 1027/225/2
f 1030/186/2 1027/225/2 1028/226/2
f 1030/186/2 1028/226/2 1029/227/2
f 1130/1/2 1131/3/2 1132/2/2
f 1129/4/2 1130/1/2 1132/2/2
f 1129/4/2 1132/2/2 1133/5/2
f 1128/6/2 1129/4/2 1133/5/2
f 1127/7/2 1128/6/2 1133/5/2
f 1127/7/2 1133/5/2 1134/8/2
f 1126/9/2 1127/7/2 1134/8/2
f 1126/9/2 1134/8/2 1135/10/2
f 1125/11/2 1126/9/2 1135/10/2
f 1124/12/2 1125/11/2 1135/10/2
f 1124/12/2 1135/10/2 1136/13/2
f 1123/14/2 1124/12/2 1136/13/2
f 1123/14/2 1136/13/2 1137/15/2
f 1122/16/2 1123/14/2 1137/15/2
f 1121/17/2 1122/16/2 1137/15/2
f 1121/17/2 1137/15/2 1138/18/2
f 1120/19/2 1121/17/2 1138/18/2
f 1120/19/2 1138/18/2 1139/20/2
f 1119/21/2 1120/19/2 1139/20/2
f 1118/22/2 1119/21/2 1117/23/2
f 1117/23/2 1119/21/2 1116/24/2
f 1116/24/2 1119/21/2 1115/25/2
f 1115/25/2 1119/21/2 1114/26/2
f 1114/26/2 1119/21/2 1113/27/2
f 1113/27/2 1119/21/2 1112/28/2
f 1112/28/2 1119/21/2 1111/29/2
f 1111/29/2 1119/21/2 1110/30/2
f 1110/30/2 1119/21/2 1109/31/2
f 1109/31/2 1119/21/2 1108/32/2
f 1108/32/2 1119/21/2 1139/20/2
f 1108/32/2 1139/20/2 1107/33/2
f 1107/33/2 1139/20/2 1106/34/2
f 1106/34/2 1139/20/2 1140/35/2
f 1106/34/2 1140/35/2 1105/36/2
f 1105/36/2 1140/35/2 1141/37/2
f 1104/38/2 1105/36/2 1141/37/2
f 1103/39/2 1104/38/2 1141/37/2
f 1102/40/2 1103/39/2 1141/37/2
f 1101/41/2 1102/40/2 1141/37/2
f 1100/42/2 1101/41/2 1141/37/2
f 1100/42/2 1141/37/2 1142/43/2
f 1099/44/2 1100/42/2 1142/43/2
f 1098/45/2 1099/44/2 1142/43/2
f 1097/46/2 1098/45/2 1142/43/2
f 1097/46/2 1142/43/2 1143/47/2
f 1096/48/2 1097/46/2 1143/47/2
f 1095/49/2 1096/48/2 1143/47/2
f 1095/49/2 1143/47/2 1144/50/2
f 1094/51/2 1095/49/2 1144/50/2
f 1093/52/2 1094/51/2 1144/50/2
f 1092/53/2 1093/52/2 1206/54/2
f 1206/54/2 1093/52/2 1144/50/2
f 1091/55/2 1092/53/2 1206/54/2
f 1090/56/2 1091/55/2 1206/54/2
f 1089/57/2 1090/56/2 1206/54/2
f 1088/58/2 1089/57/2 1206/54/2
f 1088/58/2 1206/54/2 1170/59/2
f 1205/60/2 1206/54/2 1144/50/2
f 1088/58/2 1170/59/2 1171/61/2
f 1087/62/2 1088/58/2 1171/61/2
f 1087/62/2 1171/61/2 1172/63/2
f 1086/64/2 1087/62/2 1172/63/2
f 1086/64/2 1172/63/2 1173/65/2
f 1085/66/2 1086/64/2 1173/65/2
f 1085/66/2 1173/65/2 1174/67/2
f 1085/66/2 1174/67/2 1175/68/2
f 1084/69/2 1085/66/2 1175/68/2
f 1084/69/2 1175/68/2 1176/70/2
f 1083/71/2 1084/69/2 1176/70/2
f 1083/71/2 1176/70/2 1177/72/2
f 1083/71/2 1177/72/2 1178/73/2
f 1082/74/2 1083/71/2 1178/73/2
f 1082/74/2 1178/73/2 1179/75/2
f 1082/74/2 1179/75/2 1180/76/2
f 1081/77/2 1082/74/2 1180/76/2
f 1081/77/2 1180/76/2 1181/78/2
f 1080/79/2 1081/77/2 1181/78/2
f 1080/79/2 1181/78/2 1182/80/2
f 1080/79/2 1182/80/2 1183/81/2
f 1079/82/2 1080/79/2 1183/81/2
f 1079/82/2 1183/81/2 1184/83/2
f 1079/82/2 1184/83/2 1185/84/2
f 1204/85/2 1205/60/2 1144/50/2
f 1078/86/2 1079/82/2 1185/84/2
f 1203/87/2 1204/85/2 1144/50/2
f 1078/86/2 1185/84/2 1186/88/2
f 1202/89/2 1203/87/2 1144/50/2
f 1167/90/2 1168/92/2 1169/91/2
f 1202/89/2 1144/50/2 1145/93/2
f 1078/86/2 1186/88/2 1187/94/2
f 1166/95/2 1167/90/2 1169/91/2
f 1201/96/2 1202/89/2 1145/93/2
f 1201/96/2 1145/93/2 1146/97/2
f 1165/98/2 1166/95/2 1169/91/2
f 1077/99/2 1078/86/2 1187/94/2
f 1077/99/2 1187/94/2 1188/100/2
f 1201/96/2 1146/97/2 1147/101/2
f 1200/102/2 1201/96/2 1147/101/2
f 1164/103/2 1165/98/2 1169/91/2
f 1200/102/2 1147/101/2 1148/104/2
f 1199/105/2 1200/102/2 1148/104/2
f 1163/106/2 1164/103/2 1169/91/2
f 1077/99/2 1188/100/2 1189/107/2
f 1199/105/2 1148/104/2 1149/108/2
f 1162/109/2 1163/106/2 1169/91/2
f 1198/110/2 1199/105/2 1149/108/2
f 1198/110/2 1149/108/2 1150/111/2
f 1161/112/2 1162/109/2 1169/91/2
f 1077/99/2 1189/107/2 1190/113/2
f 1198/110/2 1150/111/2 1151/114/2
f 1197/115/2 1198/110/2 1151/114/2
f 1160/116/2 1161/112/2 1169/91/2
f 1197/115/2 1151/114/2 1152/117/2
f 1076/118/2 1077/99/2 1190/113/2
f 1159/119/2 1160/116/2 1169/91/2
f 1076/118/2 1190/113/2 1191/120/2
f 1196/121/2 1197/115/2 1152/117/2
f 1196/121/2 1152/117/2 1153/122/2
f 1158/123/2 1159/119/2 1169/91/2
f 1196/121/2 1153/122/2 1154/124/2
f 1157/125/2 1158/123/2 1169/91/2
f 1195/126/2 1196/121/2 1154/124/2
f 1195/126/2 1154/124/2 1155/127/2
f 1156/128/2 1157/125/2 1169/91/2
f 1195/126/2 1155/127/2 1156/128/2
f 1076/118/2 1191/120/2 1192/129/2
f 1195/126/2 1156/128/2 1169/91/2
f 1194/130/2 1195/126/2 1169/91/2
f 1076/118/2 1192/129/2 1193/131/2
f 1193/131/2 1194/130/2 1169/91/2
f 1076/118/2 1193/131/2 1056/132/2
f 1056/132/2 1193/131/2 1169/91/2
f 1075/133/2 1076/118/2 1056/132/2
f 1075/133/2 1056/132/2 1057/134/2
f 1055/135/2 1056/132/2 1169/91/2
f 1074/136/2 1075/133/2 1057/134/2
f 1074/136/2 1057/134/2 1058/137/2
f 1054/138/2 1055/135/2 1169/91/2
f 1054/138/2 1169/91/2 1033/139/2
f 1073/140/2 1074/136/2 1058/137/2
f 1073/140/2 1058/137/2 1059/141/2
f 1053/142/2 1054/138/2 1033/139/2
f 1053/142/2 1033/139/2 1034/143/2
f 1073/140/2 1059/141/2 1060/144/2
f 1052/145/2 1053/142/2 1034/143/2
f 1072/146/2 1073/140/2 1060/144/2
f 1052/145/2 1034/143/2 1035/147/2
f 1072/146/2 1060/144/2 1061/148/2
f 1051/149/2 1052/145/2 1035/147/2
f 1051/149/2 1035/147/2 1036/150/2
f 1071/151/2 1072/146/2 1061/148/2
f 1071/151/2 1061/148/2 1062/152/2
f 1050/153/2 1051/149/2 1036/150/2
f 1050/153/2 1036/150/2 1037/154/2
f 1071/151/2 1062/152/2 1063/155/2
f 1049/156/2 1050/153/2 1037/154/2
f 1049/156/2 1037/154/2 1038/157/2
f 1070/158/2 1071/151/2 1063/155/2
f 1070/158/2 1063/155/2 1064/159/2
f 1048/160/2 1049/156/2 1038/157/2
f 1048/160/2 1038/157/2 1039/161/2
f 1070/158/2 1064/159/2 1065/162/2
f 1048/160/2 1039/161/2 1040/163/2
f 1047/164/2 1048/160/2 1040/163/2
f 1069/165/2 1070/158/2 1065/162/2
f 1047/164/2 1040/163/2 1041/166/2
f 1069/165/2 1065/162/2 1066/167/2
f 1046/168/2 1047/164/2 1041/166/2
f 1046/168/2 1041/166/2 1042/169/2
f 1069/165/2 1066/167/2 1067/170/2
f 1045/171/2 1046/168/2 1042/169/2
f 1068/172/2 1069/165/2 1067/170/2
f 1045/171/2 1042/169/2 1043/173/2
f 1044/174/2 1045/171/2 1043/173/2
f 1262/228/2 1263/229/2 1264/54/2
f 1262/228/2 1264/54/2 1207/139/2
f 1262/228/2 1207/139/2 1208/230/2
f 1261/231/2 1262/228/2 1208/230/2
f 1260/232/1 1261/231/1 1208/230/1
f 1259/233/2 1260/232/2 1209/234/2
f 1209/234/1 1260/232/1 1208/230/1
f 1259/233/2 1209/234/2 1210/235/2
f 1259/233/2 1210/235/2 1211/236/2
f 1258/237/2 1259/233/2 1211/236/2
f 1258/237/2 1211/236/2 1212/238/2
f 1258/237/2 1212/238/2 1213/239/2
f 1257/240/2 1258/237/2 1213/239/2
f 1257/240/2 1213/239/2 1214/241/2
f 1233/242/2 1234/244/2 1235/243/2
f 1232/245/2 1233/242/2 1235/243/2
f 1257/240/2 1214/241/2 1215/246/2
f 1231/247/2 1232/245/2 1235/243/2
f 1256/248/2 1257/240/2 1215/246/2
f 1256/248/2 1215/246/2 1216/249/2
f 1230/250/2 1231/247/2 1235/243/2
f 1229/251/2 1230/250/2 1235/243/2
f 1256/248/2 1216/249/2 1217/252/2
f 1228/253/2 1229/251/2 1235/243/2
f 1256/248/2 1217/252/2 1218/254/2
f 1227/255/2 1228/253/2 1235/243/2
f 1256/248/2 1218/254/2 1219/256/2
f 1226/183/2 1227/255/2 1235/243/2
f 1255/257/2 1256/248/2 1219/256/2
f 1225/258/2 1226/183/2 1235/243/2
f 1255/257/2 1219/256/2 1220/259/2
f 1224/260/2 1225/258/2 1235/243/2
f 1255/257/2 1220/259/2 1221/261/2
f 1223/262/2 1224/260/2 1235/243/2
f 1255/257/2 1221/261/2 1222/263/2
f 1222/263/2 1223/262/2 1235/243/2
f 1255/257/2 1222/263/2 1235/243/2
f 1254/264/2 1255/257/2 1235/243/2
f 1253/265/2 1254/264/2 1235/243/2
f 1252/266/2 1253/265/2 1235/243/2
f 1252/266/2 1235/243/2 1236/267/2
f 1251/268/2 1252/266/2 1236/267/2
f 1251/268/2 1236/267/2 1237/269/2
f 1251/268/2 1237/269/2 1238/270/2
f 1250/271/2 1251/268/2 1238/270/2
f 1250/271/2 1238/270/2 1239/272/2
f 1250/271/2 1239/272/2 1240/273/2
f 1250/271/2 1240/273/2 1241/274/2
f 1249/275/2 1250/271/2 1241/274/2
f 1249/275/2 1241/274/2 1242/276/2
f 1249/275/2 1242/276/2 1243/277/2
f 1248/278/2 1249/275/2 1243/277/2
f 1248/278/2 1243/277/2 1244/279/2
f 1248/278/2 1244/279/2 1245/211/2
f 1247/280/2 1248/278/2 1245/211/2
f 1247/280/2 1245/211/2 1246/281/2
f 1299/282/2 1300/284/2 1301/283/2
f 1299/282/2 1301/283/2 1302/285/2
f 1298/286/2 1299/282/2 1302/285/2
f 1298/286/2 1302/285/2 1303/287/2
f 1297/288/2 1298/286/2 1303/287/2
f 1297/288/2 1303/287/2 1304/289/2
f 1296/290/2 1297/288/2 1304/289/2
f 1296/290/2 1304/289/2 1305/291/2
f 1295/292/2 1296/290/2 1305/291/2
f 1295/292/2 1305/291/2 1306/293/2
f 1294/294/2 1295/292/2 1306/293/2
f 1294/294/2 1306/293/2 1307/295/2
f 1293/296/2 1294/294/2 1350/297/2
f 1350/297/2 1294/294/2 1307/295/2
f 1293/296/2 1350/297/2 1351/298/2
f 1349/299/2 1350/297/2 1307/295/2
f 1293/296/2 1351/298/2 1352/300/2
f 1348/301/2 1349/299/2 1307/295/2
f 1293/296/2 1352/300/2 1353/302/2
f 1347/303/2 1348/301/2 1307/295/2
f 1347/303/2 1307/295/2 1308/304/2
f 1293/296/2 1353/302/2 1354/305/2
f 1292/306/2 1293/296/2 1354/305/2
f 1346/307/2 1347/303/2 1308/304/2
f 1292/306/2 1354/305/2 1355/308/2
f 1345/309/2 1346/307/2 1308/304/2
f 1292/306/2 1355/308/2 1356/310/2
f 1344/311/2 1345/309/2 1308/304/2
f 1292/306/2 1356/310/2 1357/312/2
f 1343/313/2 1344/311/2 1308/304/2
f 1291/314/2 1292/306/2 1357/312/2
f 1343/313/2 1308/304/2 1309/315/2
f 1291/314/2 1357/312/2 1358/316/2
f 1342/317/2 1343/313/2 1309/315/2
f 1291/314/2 1358/316/2 1359/318/2
f 1341/319/2 1342/317/2 1309/315/2
f 1290/320/2 1291/314/2 1359/318/2
f 1341/319/2 1309/315/2 1310/321/2
f 1290/320/2 1359/318/2 1360/322/2
f 1340/323/2 1341/319/2 1310/321/2
f 1290/320/2 1360/322/2 1361/324/2
f 1339/325/2 1340/323/2 1310/321/2
f 1289/326/2 1290/320/2 1361/324/2
f 1289/326/2 1361/324/2 1362/327/2
f 1339/325/2 1310/321/2 1311/328/2
f 1363/54/2 1339/325/2 1311/328/2
f 1289/326/2 1362/327/2 1363/54/2
f 1289/326/2 1363/54/2 1311/328/2
f 1288/329/2 1289/326/2 1311/328/2
f 1288/329/2 1311/328/2 1312/330/2
f 1287/331/2 1288/329/2 1313/332/2
f 1313/332/2 1288/329/2 1312/330/2
f 1287/331/2 1313/332/2 1314/207/2
f 1286/333/2 1287/331/2 1314/207/2
f 1286/333/2 1314/207/2 1315/334/2
f 1286/333/2 1315/334/2 1316/335/2
f 1285/336/2 1286/333/2 1316/335/2
f 1285/336/2 1316/335/2 1317/337/2
f 1284/338/2 1285/336/2 1317/337/2
f 1284/338/2 1317/337/2 1318/339/2
f 1336/340/2 1337/342/2 1338/341/2
f 1284/338/2 1318/339/2 1319/343/2
f 1335/344/2 1336/340/2 1338/341/2
f 1334/345/2 1335/344/2 1338/341/2
f 1283/346/2 1284/338/2 1319/343/2
f 1283/346/2 1319/343/2 1320/347/2
f 1333/348/2 1334/345/2 1338/341/2
f 1332/349/2 1333/348/2 1338/341/2
f 1283/346/2 1320/347/2 1321/350/2
f 1331/351/2 1332/349/2 1338/341/2
f 1283/346/2 1321/350/2 1322/352/2
f 1330/353/2 1331/351/2 1338/341/2
f 1282/354/2 1283/346/2 1322/352/2
f 1329/355/2 1330/353/2 1338/341/2
f 1282/354/2 1322/352/2 1323/356/2
f 1328/357/2 1329/355/2 1338/341/2
f 1282/354/2 1323/356/2 1324/358/2
f 1327/359/2 1328/357/2 1338/341/2
f 1326/360/2 1327/359/2 1338/341/2
f 1282/354/2 1324/358/2 1325/361/2
f 1325/361/2 1326/360/2 1338/341/2
f 1282/354/2 1325/361/2 1338/341/2
f 1281/362/2 1282/354/2 1338/341/2
f 1281/362/2 1338/341/2 1265/139/2
f 1280/363/2 1281/362/2 1265/139/2
f 1280/363/2 1265/139/2 1266/364/2
f 1280/363/2 1266/364/2 1267/365/2
f 1279/366/2 1280/363/2 1267/365/2
f 1279/366/2 1267/365/2 1268/367/2
f 1279/366/2 1268/367/2 1269/368/2
f 1278/369/2 1279/366/2 1269/368/2
f 1278/369/2 1269/368/2 1270/370/2
f 1278/369/2 1270/370/2 1271/371/2
f 1277/372/2 1278/369/2 1271/371/2
f 1277/372/2 1271/371/2 1272/373/2
f 1277/372/2 1272/373/2 1273/374/2
f 1277/372/2 1273/374/2 1274/375/2
f 1276/376/2 1277/372/2 1274/375/2
f 1276/376/2 1274/375/2 1275/377/2
f 1398/378/2 1399/253/2 1400/379/2
f 1398/378/2 1400/379/2 1401/380/2
f 1397/381/2 1398/378/2 1401/380/2
f 1397/381/2 1401/380/2 1402/382/2
f 1396/383/2 1397/381/2 1402/382/2
f 1396/383/2 1402/382/2 1403/384/2
f 1395/385/2 1396/383/2 1403/384/2
f 1395/385/2 1403/384/2 1404/247/2
f 1394/258/2 1395/385/2 1404/247/2
f 1394/258/2 1404/247/2 1405/386/2
f 1393/387/2 1394/258/2 1405/386/2
f 1393/387/2 1405/386/2 1406/388/2
f 1392/389/2 1393/387/2 1447/390/2
f 1447/390/2 1393/387/2 1406/388/2
f 1392/389/2 1447/390/2 1448/391/2
f 1446/392/2 1447/390/2 1406/388/2
f 1392/389/2 1448/391/2 1449/237/2
f 1445/393/2 1446/392/2 1406/388/2
f 1392/389/2 1449/237/2 1450/394/2
f 1444/257/2 1445/393/2 1406/388/2
f 1444/257/2 1406/388/2 1407/395/2
f 1391/396/2 1392/389/2 1450/394/2
f 1391/396/2 1450/394/2 1451/397/2
f 1443/398/2 1444/257/2 1407/395/2
f 1391/396/2 1451/397/2 1452/399/2
f 1442/400/2 1443/398/2 1407/395/2
f 1391/396/2 1452/399/2 1453/401/2
f 1441/402/2 1442/400/2 1407/395/2
f 1441/402/2 1407/395/2 1408/403/2
f 1390/404/2 1391/396/2 1453/401/2
f 1390/404/2 1453/401/2 1454/231/2
f 1440/405/2 1441/402/2 1408/403/2
f 1390/404/2 1454/231/2 1455/406/2
f 1439/266/2 1440/405/2 1408/403/2
f 1439/266/2 1408/403/2 1409/244/2
f 1389/263/2 1390/404/2 1455/406/2
f 1389/263/2 1455/406/2 1456/407/2
f 1438/408/2 1439/266/2 1409/244/2
f 1438/408/2 1409/244/2 1410/409/2
f 1388/410/2 1389/263/2 1456/407/2
f 1388/410/2 1456/407/2 1457/411/2
f 1437/412/2 1438/408/2 1410/409/2
f 1388/410/2 1457/411/2 1458/413/2
f 1436/414/2 1437/412/2 1410/409/2
f 1436/414/2 1410/409/2 1411/415/2
f 1387/416/2 1388/410/2 1458/413/2
f 1387/416/2 1458/413/2 1459/54/2
f 1435/417/2 1436/414/2 1411/415/2
f 1386/418/2 1387/416/2 1459/54/2
f 1386/418/2 1459/54/2 1412/419/2
f 1435/417/2 1411/415/2 1364/139/2
f 1434/275/2 1435/417/2 1364/139/2
f 1386/418/2 1412/419/2 1413/420/2
f 1433/421/2 1434/275/2 1364/139/2
f 1385/422/2 1386/418/2 1413/420/2
f 1433/421/2 1364/139/2 1365/423/2
f 1385/422/2 1413/420/2 1414/269/2
f 1432/424/2 1433/421/2 1365/423/2
f 1385/422/2 1414/269/2 1415/425/2
f 1384/256/2 1385/422/2 1415/425/2
f 1431/426/2 1432/424/2 1365/423/2
f 1431/426/2 1365/423/2 1366/427/2
f 1384/256/2 1415/425/2 1416/428/2
f 1430/429/2 1431/426/2 1366/427/2
f 1383/430/2 1384/256/2 1416/428/2
f 1430/429/2 1366/427/2 1367/431/2
f 1383/430/2 1416/428/2 1417/432/2
f 1429/281/2 1430/429/2 1367/431/2
f 1383/430/2 1417/432/2 1418/433/2
f 1428/434/2 1429/281/2 1367/431/2
f 1382/435/2 1383/430/2 1418/433/2
f 1428/434/2 1367/431/2 1368/436/2
f 1382/435/2 1418/433/2 1419/273/2
f 1427/437/2 1428/434/2 1368/436/2
f 1382/435/2 1419/273/2 1420/438/2
f 1426/439/2 1427/437/2 1368/436/2
f 1382/435/2 1420/438/2 1421/440/2
f 1425/441/2 1426/439/2 1368/436/2
f 1381/442/2 1382/435/2 1421/440/2
f 1425/441/2 1368/436/2 1369/235/2
f 1381/442/2 1421/440/2 1422/443/2
f 1424/277/2 1425/441/2 1369/235/2
f 1381/442/2 1422/443/2 1423/444/2
f 1423/444/2 1424/277/2 1369/235/2
f 1381/442/2 1423/444/2 1369/235/2
f 1380/445/2 1381/442/2 1369/235/2
f 1380/445/2 1369/235/2 1370/446/2
f 1379/249/2 1380/445/2 1370/446/2
f 1379/249/2 1370/446/2 1371/447/2
f 1378/448/2 1379/249/2 1371/447/2
f 1378/448/2 1371/447/2 1372/449/2
f 1377/450/2 1378/448/2 1372/449/2
f 1377/450/2 1372/449/2 1373/451/2
f 1376/452/2 1377/450/2 1373/451/2
f 1376/452/2 1373/451/2 1374/239/2
f 1375/453/2 1376/452/2 1374/239/2
f 1466/211/2 1467/218/2 1468/224/2
f 1466/211/2 1468/224/2 1469/54/2
f 1465/204/2 1466/211/2 1469/54/2
f 1465/204/2 1469/54/2 1464/195/2
f 1460/139/2 1461/193/2 1462/175/2
f 1460/139/2 1462/175/2 1463/183/2
f 1504/378/2 1505/253/2 1506/379/2
f 1504/378/2 1506/379/2 1507/380/2
f 1503/381/2 1504/378/2 1507/380/2
f 1503/381/2 1507/380/2 1508/382/2
f 1502/383/2 1503/381/2 1508/382/2
f 1502/383/2 1508/382/2 1509/384/2
f 1501/385/2 1502/383/2 1509/384/2
f 1501/385/2 1509/384/2 1510/247/2
f 1500/258/2 1501/385/2 1510/247/2
f 1500/258/2 1510/247/2 1511/386/2
f 1499/387/2 1500/258/2 1511/386/2
f 1499/387/2 1511/386/2 1512/388/2
f 1498/389/2 1499/387/2 1553/390/2
f 1553/390/2 1499/387/2 1512/388/2
f 1498/389/2 1553/390/2 1554/391/2
f 1552/392/2 1553/390/2 1512/388/2
f 1498/389/2 1554/391/2 1555/237/2
f 1551/393/2 1552/392/2 1512/388/2
f 1498/389/2 1555/237/2 1556/394/2
f 1550/257/2 1551/393/2 1512/388/2
f 1550/257/2 1512/388/2 1513/395/2
f 1497/396/2 1498/389/2 1556/394/2
f 1497/396/2 1556/394/2 1557/397/2
f 1549/398/2 1550/257/2 1513/395/2
f 1497/396/2 1557/397/2 1558/399/2
f 1548/400/2 1549/398/2 1513/395/2
f 1497/396/2 1558/399/2 1559/401/2
f 1547/402/2 1548/400/2 1513/395/2
f 1547/402/2 1513/395/2 1514/403/2
f 1496/404/2 1497/396/2 1559/401/2
f 1496/404/2 1559/401/2 1560/231/2
f 1546/405/2 1547/402/2 1514/403/2
f 1496/404/2 1560/231/2 1561/406/2
f 1545/266/2 1546/405/2 1514/403/2
f 1545/266/2 1514/403/2 1515/244/2
f 1495/263/2 1496/404/2 1561/406/2
f 1495/263/2 1561/406/2 1562/407/2
f 1544/408/2 1545/266/2 1515/244/2
f 1544/408/2 1515/244/2 1516/409/2
f 1494/410/2 1495/263/2 1562/407/2
f 1494/410/2 1562/407/2 1563/411/2
f 1543/412/2 1544/408/2 1516/409/2
f 1494/410/2 1563/411/2 1564/413/2
f 1542/414/2 1543/412/2 1516/409/2
f 1542/414/2 1516/409/2 1517/415/2
f 1493/416/2 1494/410/2 1564/413/2
f 1493/416/2 1564/413/2 1565/54/2
f 1541/417/2 1542/414/2 1517/415/2
f 1492/418/2 1493/416/2 1565/54/2
f 1492/418/2 1565/54/2 1518/419/2
f 1541/417/2 1517/415/2 1470/139/2
f 1540/275/2 1541/417/2 1470/139/2
f 1492/418/2 1518/419/2 1519/420/2
f 1539/421/2 1540/275/2 1470/139/2
f 1491/422/2 1492/418/2 1519/420/2
f 1539/421/2 1470/139/2 1471/423/2
f 1491/422/2 1519/420/2 1520/269/2
f 1538/424/2 1539/421/2 1471/423/2
f 1491/422/2 1520/269/2 1521/425/2
f 1490/256/2 1491/422/2 1521/425/2
f 1537/426/2 1538/424/2 1471/423/2
f 1537/426/2 1471/423/2 1472/427/2
f 1490/256/2 1521/425/2 1522/428/2
f 1536/429/2 1537/426/2 1472/427/2
f 1489/430/2 1490/256/2 1522/428/2
f 1536/429/2 1472/427/2 1473/431/2
f 1489/430/2 1522/428/2 1523/432/2
f 1535/281/2 1536/429/2 1473/431/2
f 1489/430/2 1523/432/2 1524/433/2
f 1534/434/2 1535/281/2 1473/431/2
f 1488/435/2 1489/430/2 1524/433/2
f 1534/434/2 1473/431/2 1474/436/2
f 1488/435/2 1524/433/2 1525/273/2
f 1533/437/2 1534/434/2 1474/436/2
f 1488/435/2 1525/273/2 1526/438/2
f 1532/439/2 1533/437/2 1474/436/2
f 1488/435/2 1526/438/2 1527/440/2
f 1531/441/2 1532/439/2 1474/436/2
f 1487/442/2 1488/435/2 1527/440/2
f 1531/441/2 1474/436/2 1475/235/2
f 1487/442/2 1527/440/2 1528/443/2
f 1530/277/2 1531/441/2 1475/235/2
f 1487/442/2 1528/443/2 1529/444/2
f 1529/444/2 1530/277/2 1475/235/2
f 1487/442/2 1529/444/2 1475/235/2
f 1486/445/2 1487/442/2 1475/235/2
f 1486/445/2 1475/235/2 1476/446/2
f 1485/249/2 1486/445/2 1476/446/2
f 1485/249/2 1476/446/2 1477/447/2
f 1484/448/2 1485/249/2 1477/447/2
f 1484/448/2 1477/447/2 1478/449/2
f 1483/450/2 1484/448/2 1478/449/2
f 1483/450/2 1478/449/2 1479/451/2
f 1482/452/2 1483/450/2 1479/451/2
f 1482/452/2 1479/451/2 1480/239/2
f 1481/453/2 1482/452/2 1480/239/2
f 1603/454/2 1604/456/2 1605/455/2
f 1603/454/2 1605/455/2 1606/54/2
f 1602/457/2 1603/454/2 1606/54/2
f 1601/458/2 1602/457/2 1606/54/2
f 1601/458/2 1606/54/2 1566/139/2
f 1600/459/2 1601/458/2 1566/139/2
f 1600/459/2 1566/139/2 1567/460/2
f 1599/461/2 1600/459/2 1567/460/2
f 1598/405/2 1599/461/2 1567/460/2
f 1598/405/2 1567/460/2 1568/462/2
f 1597/463/2 1598/405/2 1568/462/2
f 1597/463/2 1568/462/2 1569/464/2
f 1596/465/2 1597/463/2 1569/464/2
f 1595/466/2 1596/465/2 1569/464/2
f 1594/467/2 1595/466/2 1569/464/2
f 1594/467/2 1569/464/2 1570/468/2
f 1593/469/2 1594/467/2 1570/468/2
f 1592/470/2 1593/469/2 1570/468/2
f 1591/471/2 1592/470/2 1570/468/2
f 1589/472/2 1590/440/2 1591/471/2
f 1589/472/2 1591/471/2 1570/468/2
f 1589/472/2 1570/468/2 1571/473/2
f 1589/472/2 1571/473/2 1572/474/2
f 1589/472/2 1572/474/2 1573/475/2
f 1589/472/2 1573/475/2 1574/430/2
f 1589/472/2 1574/430/2 1575/476/2
f 1589/472/2 1575/476/2 1576/477/2
f 1588/478/2 1589/472/2 1576/477/2
f 1588/478/2 1576/477/2 1577/479/2
f 1587/480/2 1588/478/2 1577/479/2
f 1586/207/2 1587/480/2 1577/479/2
f 1585/481/2 1586/207/2 1577/479/2
f 1584/482/2 1585/481/2 1577/479/2
f 1583/483/2 1584/482/2 1577/479/2
f 1582/382/2 1583/483/2 1577/479/2
f 1581/484/2 1582/382/2 1577/479/2
f 1580/485/2 1581/484/2 1577/479/2
f 1579/486/2 1580/485/2 1577/479/2
f 1578/487/2 1579/486/2 1577/479/2
s 1
f 1608/488/3 1610/489/4 1609/490/4 1607/139/3
f 1610/489/4 1612/491/5 1611/492/5 1609/490/4
f 1612/491/5 1614/493/6 1613/494/6 1611/492/5
f 1614/493/6 1616/495/7 1615/496/7 1613/494/6
f 1616/495/7 1618/497/8 1617/498/8 1615/496/7
f 1618/497/8 1620/499/9 1619/500/9 1617/498/8
f 1620/499/9 1622/501/10 1621/502/10 1619/500/9
f 1622/501/10 1624/503/11 1623/504/11 1621/502/10
f 1624/503/11 1626/505/12 1625/506/12 1623/504/11
f 1626/505/12 1628/507/13 1627/508/13 1625/506/12
f 1628/507/13 1630/509/14 1629/510/14 1627/508/13
f 1630/509/14 1632/511/15 1631/512/15 1629/510/14
f 1632/511/15 1634/513/16 1633/514/16 1631/512/15
f 1634/513/16 1636/515/17 1635/516/17 1633/514/16
f 1636/515/17 1638/517/18 1637/518/18 1635/516/17
f 1638/517/18 1640/519/19 1639/520/19 1637/518/18
f 1640/519/19 1642/521/20 1641/522/20 1639/520/19
f 1642/521/20 1644/523/21 1643/524/21 1641/522/20
f 1644/523/21 1646/525/22 1645/526/22 1643/524/21
f 1646/525/22 1648/527/23 1647/528/23 1645/526/22
f 1648/527/23 1650/529/24 1649/530/24 1647/528/23
f 1650/529/24 1652/531/24 1651/532/24 1649/530/24
f 1652/531/24 1654/533/25 1653/534/25 1651/532/24
f 1654/533/25 1656/535/26 1655/536/26 1653/534/25
f 1656/535/26 1658/537/27 1657/538/27 1655/536/26
f 1658/537/27 1660/539/28 1659/540/28 1657/538/27
f 1660/539/28 1662/541/29 1661/542/29 1659/540/28
f 1662/541/29 1664/543/30 1663/544/30 1661/542/29
f 1664/543/30 1666/545/31 1665/546/31 1663/544/30
f 1666/545/31 1668/547/32 1667/548/32 1665/546/31
f 1668/547/32 1670/549/33 1669/550/33 1667/548/32
f 1670/549/33 1672/551/34 1671/552/34 1669/550/33
f 1672/551/34 1674/553/35 1673/554/35 1671/552/34
f 1674/553/35 1676/555/36 1675/556/36 1673/554/35
f 1676/555/36 1678/557/37 1677/558/37 1675/556/36
f 1678/557/37 1680/559/38 1679/560/38 1677/558/37
f 1680/559/38 1682/561/39 1681/562/39 1679/560/38
f 1682/561/39 1684/563/40 1683/564/40 1681/562/39
f 1684/563/40 1686/565/41 1685/566/41 1683/564/40
f 1686/565/41 1688/567/42 1687/568/42 1685/566/41
f 1688/567/42 1608/569/3 1607/54/3 1687/568/42
f 1690/488/43 1692/570/44 1691/571/44 1689/139/43
f 1692/570/44 1694/572/45 1693/573/45 1691/571/44
f 1694/572/45 1696/574/46 1695/575/46 1693/573/45
f 1696/574/46 1698/576/47 1697/577/47 1695/575/46
f 1698/576/47 1700/578/48 1699/579/48 1697/577/47
f 1700/578/48 1702/580/49 1701/473/49 1699/579/48
f 1702/580/49 1704/581/50 1703/582/50 1701/473/49
f 1704/581/50 1706/583/51 1705/184/51 1703/582/50
f 1706/583/51 1708/584/52 1707/585/52 1705/184/51
f 1708/584/52 1710/586/53 1709/587/53 1707/585/52
f 1710/586/53 1712/588/54 1711/589/54 1709/587/53
f 1712/588/54 1714/590/55 1713/477/55 1711/589/54
f 1714/590/55 1716/591/56 1715/592/56 1713/477/55
f 1716/591/56 1718/593/57 1717/594/57 1715/592/56
f 1718/593/57 1720/595/58 1719/596/58 1717/594/57
f 1720/595/58 1722/597/59 1721/183/59 1719/596/58
f 1722/597/59 1724/598/60 1723/599/60 1721/183/59
f 1724/598/60 1726/600/61 1725/484/61 1723/599/60
f 1726/600/61 1728/601/62 1727/602/62 1725/484/61
f 1728/601/62 1730/603/63 1729/604/63 1727/602/62
f 1730/603/63 1732/605/64 1731/606/64 1729/604/63
f 1732/605/64 1734/607/65 1733/608/65 1731/606/64
f 1734/607/65 1736/609/66 1735/610/66 1733/608/65
f 1736/609/66 1738/611/67 1737/207/67 1735/610/66
f 1738/611/67 1740/612/68 1739/613/68 1737/207/67
f 1740/612/68 1742/614/69 1741/615/69 1739/613/68
f 1742/614/69 1744/616/70 1743/617/70 1741/615/69
f 1744/616/70 1746/618/71 1745/619/71 1743/617/70
f 1746/618/71 1748/620/72 1747/621/72 1745/619/71
f 1748/620/72 1750/622/73 1749/471/73 1747/621/72
f 1750/622/73 1752/623/74 1751/624/74 1749/471/73
f 1752/623/74 1754/625/75 1753/211/75 1751/624/74
f 1754/625/75 1756/626/76 1755/627/76 1753/211/75
f 1756/626/76 1758/628/77 1757/629/77 1755/627/76
f 1758/628/77 1760/630/78 1759/631/78 1757/629/77
f 1760/630/78 1762/632/79 1761/465/79 1759/631/78
f 1762/632/79 1764/633/80 1763/634/80 1761/465/79
f 1764/633/80 1766/635/81 1765/636/81 1763/634/80
f 1766/635/81 1768/637/82 1767/638/82 1765/636/81
f 1768/637/82 1770/639/83 1769/222/83 1767/638/82
f 1770/639/83 1772/640/84 1771/641/84 1769/222/83
f 1772/640/84 1774/642/85 1773/458/85 1771/641/84
f 1774/642/85 1776/643/86 1775/644/86 1773/458/85
f 1776/643/86 1778/645/87 1777/646/87 1775/644/86
f 1778/645/87 1780/647/88 1779/648/88 1777/646/87
f 1780/647/88 1782/649/89 1781/650/89 1779/648/88
f 1782/649/89 1784/651/90 1783/652/90 1781/650/89
f 1784/651/90 1690/569/43 1689/54/43 1783/652/90
f 1786/488/91 1788/570/92 1787/571/92 1785/139/91
f 1788/570/92 1790/572/93 1789/573/93 1787/571/92
f 1790/572/93 1792/574/94 1791/575/94 1789/573/93
f 1792/574/94 1794/576/95 1793/577/95 1791/575/94
f 1794/576/95 1796/578/96 1795/579/96 1793/577/95
f 1796/578/96 1798/580/97 1797/473/97 1795/579/96
f 1798/580/97 1800/581/98 1799/582/98 1797/473/97
f 1800/581/98 1802/583/99 1801/184/99 1799/582/98
f 1802/583/99 1804/584/100 1803/585/100 1801/184/99
f 1804/584/100 1806/586/101 1805/587/101 1803/585/100
f 1806/586/101 1808/588/102 1807/589/102 1805/587/101
f 1808/588/102 1810/590/103 1809/477/103 1807/589/102
f 1810/590/103 1812/591/104 1811/592/104 1809/477/103
f 1812/591/104 1814/593/105 1813/594/105 1811/592/104
f 1814/593/105 1816/595/106 1815/596/106 1813/594/105
f 1816/595/106 1818/597/107 1817/183/107 1815/596/106
f 1818/597/107 1820/598/108 1819/599/108 1817/183/107
f 1820/598/108 1822/600/109 1821/484/109 1819/599/108
f 1822/600/109 1824/601/110 1823/602/110 1821/484/109
f 1824/601/110 1826/603/111 1825/604/111 1823/602/110
f 1826/603/111 1828/605/112 1827/606/112 1825/604/111
f 1828/605/112 1830/607/113 1829/608/113 1827/606/112
f 1830/607/113 1832/609/114 1831/610/114 1829/608/113
f 1832/609/114 1834/611/115 1833/207/115 1831/610/114
f 1834/611/115 1836/612/116 1835/613/116 1833/207/115
f 1836/612/116 1838/614/117 1837/615/117 1835/613/116
f 1838/614/117 1840/616/118 1839/617/118 1837/615/117
f 1840/616/118 1842/618/119 1841/619/119 1839/617/118
f 1842/618/119 1844/620/120 1843/621/120 1841/619/119
f 1844/620/120 1846/622/121 1845/471/121 1843/621/120
f 1846/622/121 1848/623/122 1847/624/122 1845/471/121
f 1848/623/122 1850/625/123 1849/211/123 1847/624/122
f 1850/625/123 1852/626/124 1851/627/124 1849/211/123
f 1852/626/124 1854/628/125 1853/629/125 1851/627/124
f 1854/628/125 1856/630/126 1855/631/126 1853/629/125
f 1856/630/126 1858/632/127 1857/465/127 1855/631/126
f 1858/632/127 1860/633/128 1859/634/128 1857/465/127
f 1860/633/128 1862/635/129 1861/636/129 1859/634/128
f 1862/635/129 1864/637/130 1863/638/130 1861/636/129
f 1864/637/130 1866/639/131 1865/222/131 1863/638/130
f 1866/639/131 1868/640/132 1867/641/132 1865/222/131
f 1868/640/132 1870/642/133 1869/458/133 1867/641/132
f 1870/642/133 1872/643/134 1871/644/134 1869/458/133
f 1872/643/134 1874/645/135 1873/646/135 1871/644/134
f 1874/645/135 1876/647/136 1875/648/136 1873/646/135
f 1876/647/136 1878/649/137 1877/650/137 1875/648/136
f 1878/649/137 1880/651/138 1879/652/138 1877/650/137
f 1880/651/138 1786/569/91 1785/54/91 1879/652/138
f 1882/488/139 1884/583/140 1883/184/140 1881/139/139
f 1884/583/140 1886/597/141 1885/183/141 1883/184/140
f 1886/597/141 1888/611/142 1887/207/142 1885/183/141
f 1888/611/142 1890/625/143 1889/211/143 1887/207/142
f 1890/625/143 1892/639/144 1891/222/144 1889/211/143
f 1892/639/144 1882/569/139 1881/54/139 1891/222/144
f 1894/488/145 1896/590/40 1895/477/40 1893/139/145
f 1896/590/40 1898/611/41 1897/207/41 1895/477/40
f 1898/611/41 1900/632/146 1899/465/146 1897/207/41
f 1900/632/146 1894/569/145 1893/54/145 1899/465/146
f 1902/488/43 1904/570/44 1903/571/44 1901/139/43
f 1904/570/44 1906/572/45 1905/573/45 1903/571/44
f 1906/572/45 1908/574/46 1907/575/46 1905/573/45
f 1908/574/46 1910/576/47 1909/577/47 1907/575/46
f 1910/576/47 1912/578/48 1911/579/48 1909/577/47
f 1912/578/48 1914/580/49 1913/473/49 1911/579/48
f 1914/580/49 1916/581/50 1915/582/50 1913/473/49
f 1916/581/50 1918/583/51 1917/184/51 1915/582/50
f 1918/583/51 1920/584/52 1919/585/52 1917/184/51
f 1920/584/52 1922/586/53 1921/587/53 1919/585/52
f 1922/586/53 1924/588/54 1923/589/54 1921/587/53
f 1924/588/54 1926/590/55 1925/477/55 1923/589/54
f 1926/590/55 1928/591/56 1927/592/56 1925/477/55
f 1928/591/56 1930/593/57 1929/594/57 1927/592/56
f 1930/593/57 1932/595/58 1931/596/58 1929/594/57
f 1932/595/58 1934/597/59 1933/183/59 1931/596/58
f 1934/597/59 1936/598/60 1935/599/60 1933/183/59
f 1936/598/60 1938/600/61 1937/484/61 1935/599/60
f 1938/600/61 1940/601/62 1939/602/62 1937/484/61
f 1940/601/62 1942/603/63 1941/604/63 1939/602/62
f 1942/603/63 1944/605/64 1943/606/64 1941/604/63
f 1944/605/64 1946/607/65 1945/608/65 1943/606/64
f 1946/607/65 1948/609/66 1947/610/66 1945/608/65
f 1948/609/66 1950/611/67 1949/207/67 1947/610/66
f 1950/611/67 1952/612/68 1951/613/68 1949/207/67
f 1952/612/68 1954/614/69 1953/615/69 1951/613/68
f 1954/614/69 1956/616/70 1955/617/70 1953/615/69
f 1956/616/70 1958/618/71 1957/619/71 1955/617/70
f 1958/618/71 1960/620/72 1959/621/72 1957/619/71
f 1960/620/72 1962/622/73 1961/471/73 1959/621/72
f 1962/622/73 1964/623/74 1963/624/74 1961/471/73
f 1964/623/74 1966/625/75 1965/211/75 1963/624/74
f 1966/625/75 1968/626/76 1967/627/76 1965/211/75
f 1968/626/76 1970/628/77 1969/629/77 1967/627/76
f 1970/628/77 1972/630/78 1971/631/78 1969/629/77
f 1972/630/78 1974/632/79 1973/465/79 1971/631/78
f 1974/632/79 1976/633/80 1975/634/80 1973/465/79
f 1976/633/80 1978/635/81 1977/636/81 1975/634/80
f 1978/635/81 1980/637/82 1979/638/82 1977/636/81
f 1980/637/82 1982/639/83 1981/222/83 1979/638/82
f 1982/639/83 1984/640/84 1983/641/84 1981/222/83
f 1984/640/84 1986/642/85 1985/458/85 1983/641/84
f 1986/642/85 1988/643/86 1987/644/86 1985/458/85
f 1988/643/86 1990/645/87 1989/646/87 1987/644/86
f 1990/645/87 1992/647/88 1991/648/88 1989/646/87
f 1992/647/88 1994/649/89 1993/650/89 1991/648/88
f 1994/649/89 1996/651/90 1995/652/90 1993/650/89
f 1996/651/90 1902/569/43 1901/54/43 1995/652/90
f 1998/488/91 2000/570/92 1999/571/92 1997/139/91
f 2000/570/92 2002/572/93 2001/573/93 1999/571/92
f 2002/572/93 2004/574/94 2003/575/94 2001/573/93
f 2004/574/94 2006/576/95 2005/577/95 2003/575/94
f 2006/576/95 2008/578/96 2007/579/96 2005/577/95
f 2008/578/96 2010/580/97 2009/473/97 2007/579/96
f 2010/580/97 2012/581/98 2011/582/98 2009/473/97
f 2012/581/98 2014/583/99 2013/184/99 2011/582/98
f 2014/583/99 2016/584/100 2015/585/100 2013/184/99
f 2016/584/100 2018/586/101 2017/587/101 2015/585/100
f 2018/586/101 2020/588/102 2019/589/102 2017/587/101
f 2020/588/102 2022/590/103 2021/477/103 2019/589/102
f 2022/590/103 2024/591/104 2023/592/104 2021/477/103
f 2024/591/104 2026/593/105 2025/594/105 2023/592/104
f 2026/593/105 2028/595/106 2027/596/106 2025/594/105
f 2028/595/106 2030/597/107 2029/183/107 2027/596/106
f 2030/597/107 2032/598/108 2031/599/108 2029/183/107
f 2032/598/108 2034/600/109 2033/484/109 2031/599/108
f 2034/600/109 2036/601/110 2035/602/110 2033/484/109
f 2036/601/110 2038/603/111 2037/604/111 2035/602/110
f 2038/603/111 2040/605/112 2039/606/112 2037/604/111
f 2040/605/112 2042/607/113 2041/608/113 2039/606/112
f 2042/607/113 2044/609/114 2043/610/114 2041/608/113
f 2044/609/114 2046/611/115 2045/207/115 2043/610/114
f 2046/611/115 2048/612/147 2047/613/147 2045/207/115
f 2048/612/147 2050/614/117 2049/615/117 2047/613/147
f 2050/614/117 2052/616/118 2051/617/118 2049/615/117
f 2052/616/118 2054/618/119 2053/619/119 2051/617/118
f 2054/618/119 2056/620/120 2055/621/120 2053/619/119
f 2056/620/120 2058/622/121 2057/471/121 2055/621/120
f 2058/622/121 2060/623/122 2059/624/122 2057/471/121
f 2060/623/122 2062/625/123 2061/211/123 2059/624/122
f 2062/625/123 2064/626/124 2063/627/124 2061/211/123
f 2064/626/124 2066/628/125 2065/629/125 2063/627/124
f 2066/628/125 2068/630/126 2067/631/126 2065/629/125
f 2068/630/126 2070/632/127 2069/465/127 2067/631/126
f 2070/632/127 2072/633/128 2071/634/128 2069/465/127
f 2072/633/128 2074/635/129 2073/636/129 2071/634/128
f 2074/635/129 2076/637/130 2075/638/130 2073/636/129
f 2076/637/130 2078/639/131 2077/222/131 2075/638/130
f 2078/639/131 2080/640/132 2079/641/132 2077/222/131
f 2080/640/132 2082/642/133 2081/458/133 2079/641/132
f 2082/642/133 2084/643/134 2083/644/134 2081/458/133
f 2084/643/134 2086/645/135 2085/646/135 2083/644/134
f 2086/645/135 2088/647/136 2087/648/136 2085/646/135
f 2088/647/136 2090/649/137 2089/650/137 2087/648/136
f 2090/649/137 2092/651/138 2091/652/138 2089/650/137
f 2092/651/138 1998/569/91 1997/54/91 2091/652/138
f 2094/488/148 2096/653/149 2095/654/149 2093/139/148
f 2096/653/149 2098/655/150 2097/656/150 2095/654/149
f 2098/655/150 2100/657/151 2099/658/151 2097/656/150
f 2100/657/151 2102/659/152 2101/660/152 2099/658/151
f 2102/659/152 2104/661/153 2103/662/153 2101/660/152
f 2104/661/153 2106/663/154 2105/664/154 2103/662/153
f 2106/663/154 2108/665/155 2107/666/155 2105/664/154
f 2108/665/155 2110/667/156 2109/668/156 2107/666/155
f 2110/667/156 2112/669/157 2111/670/157 2109/668/156
f 2112/669/157 2114/671/158 2113/672/158 2111/670/157
f 2114/671/158 2116/673/159 2115/674/159 2113/672/158
f 2116/673/159 2118/675/160 2117/676/160 2115/674/159
f 2118/675/160 2120/677/161 2119/678/161 2117/676/160
f 2120/677/161 2122/679/162 2121/680/162 2119/678/161
f 2122/679/162 2124/681/163 2123/682/163 2121/680/162
f 2124/681/163 2126/683/164 2125/684/164 2123/682/163
f 2126/683/164 2128/685/165 2127/686/165 2125/684/164
f 2128/685/165 2130/687/166 2129/688/166 2127/686/165
f 2130/687/166 2132/689/167 2131/690/167 2129/688/166
f 2132/689/167 2134/691/168 2133/692/168 2131/690/167
f 2134/691/168 2136/693/169 2135/694/169 2133/692/168
f 2136/693/169 2138/695/170 2137/696/170 2135/694/169
f 2138/695/170 2140/697/171 2139/698/171 2137/696/170
f 2140/697/171 2142/699/172 2141/700/172 2139/698/171
f 2142/699/172 2144/701/173 2143/702/173 2141/700/172
f 2144/701/173 2146/703/174 2145/704/174 2143/702/173
f 2146/703/174 2148/705/175 2147/706/175 2145/704/174
f 2148/705/175 2150/707/176 2149/708/176 2147/706/175
f 2150/707/176 2152/709/177 2151/710/177 2149/708/176
f 2152/709/177 2154/711/178 2153/712/178 2151/710/177
f 2154/711/178 2156/713/179 2155/714/179 2153/712/178
f 2156/713/179 2158/715/180 2157/716/180 2155/714/179
f 2158/715/180 2160/717/181 2159/718/181 2157/716/180
f 2160/717/181 2162/719/182 2161/720/182 2159/718/181
f 2162/719/182 2164/721/183 2163/722/183 2161/720/182
f 2164/721/183 2166/723/184 2165/724/184 2163/722/183
f 2166/723/184 2168/611/185 2167/207/185 2165/724/184
f 2168/611/185 2170/725/186 2169/726/186 2167/207/185
f 2170/725/186 2172/727/187 2171/728/187 2169/726/186
f 2172/727/187 2174/729/188 2173/730/188 2171/728/187
f 2174/729/188 2176/731/189 2175/732/189 2173/730/188
f 2176/731/189 2178/733/190 2177/734/190 2175/732/189
f 2178/733/190 2180/735/191 2179/736/191 2177/734/190
f 2180/735/191 2182/737/192 2181/738/192 2179/736/191
f 2182/737/192 2184/739/193 2183/740/193 2181/738/192
f 2184/739/193 2186/741/194 2185/742/194 2183/740/193
f 2186/741/194 2188/743/195 2187/744/195 2185/742/194
f 2188/743/195 2190/745/196 2189/746/196 2187/744/195
f 2190/745/196 2192/747/197 2191/748/197 2189/746/196
f 2192/747/197 2194/749/198 2193/750/198 2191/748/197
f 2194/749/198 2196/751/199 2195/752/199 2193/750/198
f 2196/751/199 2198/753/200 2197/754/200 2195/752/199
f 2198/753/200 2200/755/201 2199/756/201 2197/754/200
f 2200/755/201 2202/757/202 2201/758/202 2199/756/201
f 2202/757/202 2204/759/203 2203/760/203 2201/758/202
f 2204/759/203 2206/761/204 2205/762/204 2203/760/203
f 2206/761/204 2208/763/205 2207/764/205 2205/762/204
f 2208/763/205 2210/765/206 2209/766/206 2207/764/205
f 2210/765/206 2212/767/207 2211/768/207 2209/766/206
f 2212/767/207 2214/769/208 2213/770/208 2211/768/207
f 2214/769/208 2216/771/209 2215/772/209 2213/770/208
f 2216/771/209 2218/773/210 2217/774/210 2215/772/209
f 2218/773/210 2220/775/211 2219/776/211 2217/774/210
f 2220/775/211 2222/777/212 2221/778/212 2219/776/211
f 2222/777/212 2224/779/213 2223/780/213 2221/778/212
f 2224/779/213 2226/781/214 2225/782/214 2223/780/213
f 2226/781/214 2228/783/215 2227/784/215 2225/782/214
f 2228/783/215 2230/785/216 2229/786/216 2227/784/215
f 2230/785/216 2232/787/217 2231/788/217 2229/786/216
f 2232/787/217 2234/789/218 2233/790/218 2231/788/217
f 2234/789/218 2236/791/219 2235/792/219 2233/790/218
f 2236/791/219 2238/793/220 2237/794/220 2235/792/219
f 2238/793/220 2240/795/221 2239/796/221 2237/794/220
f 2240/795/221 2094/569/148 2093/54/148 2239/796/221
f 2242/488/222 2244/797/223 2243/798/223 2241/139/222
f 2244/797/223 2246/799/224 2245/800/224 2243/798/223
f 2246/799/224 2248/801/225 2247/802/225 2245/800/224
f 2248/801/225 2250/803/226 2249/804/226 2247/802/225
f 2250/803/226 2252/805/227 2251/430/227 2249/804/226
f 2252/805/227 2254/806/228 2253/807/228 2251/430/227
f 2254/806/228 2256/808/229 2255/809/229 2253/807/228
f 2256/808/229 2258/810/230 2257/811/230 2255/809/229
f 2258/810/230 2260/812/231 2259/813/231 2257/811/230
f 2260/812/231 2262/814/232 2261/382/232 2259/813/231
f 2262/814/232 2264/815/233 2263/816/233 2261/382/232
f 2264/815/233 2266/817/234 2265/818/234 2263/816/233
f 2266/817/234 2268/819/235 2267/820/235 2265/818/234
f 2268/819/235 2270/821/236 2269/822/236 2267/820/235
f 2270/821/236 2272/823/237 2271/440/237 2269/822/236
f 2272/823/237 2274/824/238 2273/825/238 2271/440/237
f 2274/824/238 2276/826/239 2275/827/239 2273/825/238
f 2276/826/239 2278/828/240 2277/829/240 2275/827/239
f 2278/828/240 2280/830/241 2279/831/241 2277/829/240
f 2280/830/241 2282/832/242 2281/405/242 2279/831/241
f 2282/832/242 2284/833/243 2283/834/243 2281/405/242
f 2284/833/243 2286/835/244 2285/836/244 2283/834/243
f 2286/835/244 2288/837/245 2287/838/245 2285/836/244
f 2288/837/245 2290/839/246 2289/840/246 2287/838/245
f 2290/839/246 2242/569/222 2241/54/222 2289/840/246
f 2292/488/41 2294/841/146 2293/842/146 2291/139/41
f 2294/841/146 2296/843/146 2295/844/146 2293/842/146
f 2296/843/146 2298/845/247 2297/846/247 2295/844/146
f 2298/845/247 2300/847/248 2299/848/248 2297/846/247
f 2300/847/248 2302/849/249 2301/850/249 2299/848/248
f 2302/849/249 2304/851/250 2303/852/250 2301/850/249
f 2304/851/250 2306/853/251 2305/854/251 2303/852/250
f 2306/853/251 2308/855/252 2307/856/252 2305/854/251
f 2308/855/252 2310/857/253 2309/858/253 2307/856/252
f 2310/857/253 2312/859/254 2311/860/254 2309/858/253
f 2312/859/254 2314/861/255 2313/862/255 2311/860/254
f 2314/861/255 2316/863/256 2315/864/256 2313/862/255
f 2316/863/256 2318/865/257 2317/866/257 2315/864/256
f 2318/865/257 2320/867/258 2319/868/258 2317/866/257
f 2320/867/258 2322/869/259 2321/870/259 2319/868/258
f 2322/869/259 2324/871/260 2323/872/260 2321/870/259
f 2324/871/260 2326/873/103 2325/874/103 2323/872/260
f 2326/873/103 2328/875/261 2327/876/261 2325/874/103
f 2328/875/261 2330/877/262 2329/878/262 2327/876/261
f 2330/877/262 2332/879/263 2331/880/263 2329/878/262
f 2332/879/263 2334/881/264 2333/882/264 2331/880/263
f 2334/881/264 2336/883/265 2335/884/265 2333/882/264
f 2336/883/265 2338/885/266 2337/886/266 2335/884/265
f 2338/885/266 2340/887/267 2339/888/267 2337/886/266
f 2340/887/267 2342/889/268 2341/890/268 2339/888/267
f 2342/889/268 2344/891/269 2343/892/269 2341/890/268
f 2344/891/269 2346/893/270 2345/894/270 2343/892/269
f 2346/893/270 2348/895/271 2347/896/271 2345/894/270
f 2348/895/271 2350/611/272 2349/207/272 2347/896/271
f 2350/611/272 2352/897/273 2351/898/273 2349/207/272
f 2352/897/273 2354/899/274 2353/900/274 2351/898/273
f 2354/899/274 2356/901/275 2355/902/275 2353/900/274
f 2356/901/275 2358/903/276 2357/904/276 2355/902/275
f 2358/903/276 2360/905/277 2359/906/277 2357/904/276
f 2360/905/277 2362/907/278 2361/908/278 2359/906/277
f 2362/907/278 2364/909/279 2363/910/279 2361/908/278
f 2364/909/279 2366/911/280 2365/912/280 2363/910/279
f 2366/911/280 2368/913/281 2367/914/281 2365/912/280
f 2368/913/281 2370/915/282 2369/916/282 2367/914/281
f 2370/915/282 2372/917/283 2371/918/283 2369/916/282
f 2372/917/283 2374/919/284 2373/920/284 2371/918/283
f 2374/919/284 2376/921/285 2375/922/285 2373/920/284
f 2376/921/285 2378/923/286 2377/924/286 2375/922/285
f 2378/923/286 2380/925/287 2379/926/287 2377/924/286
f 2380/925/287 2382/927/288 2381/928/288 2379/926/287
f 2382/927/288 2384/929/289 2383/930/289 2381/928/288
f 2384/929/289 2386/931/290 2385/932/290 2383/930/289
f 2386/931/290 2388/933/291 2387/934/291 2385/932/290
f 2388/933/291 2390/935/292 2389/936/292 2387/934/291
f 2390/935/292 2392/937/293 2391/938/293 2389/936/292
f 2392/937/293 2394/939/294 2393/940/294 2391/938/293
f 2394/939/294 2396/941/295 2395/942/295 2393/940/294
f 2396/941/295 2398/943/145 2397/944/145 2395/942/295
f 2398/943/145 2400/945/145 2399/946/145 2397/944/145
f 2400/945/145 2402/947/296 2401/948/296 2399/946/145
f 2402/947/296 2404/949/297 2403/950/297 2401/948/296
f 2404/949/297 2406/951/41 2405/952/41 2403/950/297
f 2406/951/41 2292/569/41 2291/54/41 2405/952/41
f 2408/488/298 2410/953/299 2409/954/299 2407/139/298
f 2410/953/299 2412/955/300 2411/956/300 2409/954/299
f 2412/955/300 2414/957/301 2413/958/301 2411/956/300
f 2414/957/301 2416/959/302 2415/960/302 2413/958/301
f 2416/959/302 2418/961/303 2417/962/303 2415/960/302
f 2418/961/303 2420/963/304 2419/964/304 2417/962/303
f 2420/963/304 2422/965/305 2421/966/305 2419/964/304
f 2422/965/305 2424/967/306 2423/968/306 2421/966/305
f 2424/967/306 2426/969/307 2425/970/307 2423/968/306
f 2426/969/307 2428/971/308 2427/972/308 2425/970/307
f 2428/971/308 2430/973/309 2429/974/309 2427/972/308
f 2430/973/309 2432/975/310 2431/976/310 2429/974/309
f 2432/975/310 2434/977/311 2433/978/311 2431/976/310
f 2434/977/311 2436/979/312 2435/980/312 2433/978/311
f 2436/979/312 2438/981/313 2437/982/313 2435/980/312
f 2438/981/313 2440/983/314 2439/984/314 2437/982/313
f 2440/983/314 2442/985/315 2441/986/315 2439/984/314
f 2442/985/315 2444/987/316 2443/988/316 2441/986/315
f 2444/987/316 2446/989/317 2445/990/317 2443/988/316
f 2446/989/317 2448/991/318 2447/992/318 2445/990/317
f 2448/991/318 2450/993/319 2449/994/319 2447/992/318
f 2450/993/319 2452/995/320 2451/996/320 2449/994/319
f 2452/995/320 2454/997/321 2453/998/321 2451/996/320
f 2454/997/321 2456/999/322 2455/1000/322 2453/998/321
f 2456/999/322 2458/1001/323 2457/1002/323 2455/1000/322
f 2458/1001/323 2460/1003/324 2459/1004/324 2457/1002/323
f 2460/1003/324 2462/1005/325 2461/1006/325 2459/1004/324
f 2462/1005/325 2464/1007/326 2463/1008/326 2461/1006/325
f 2464/1007/326 2466/1009/327 2465/1010/327 2463/1008/326
f 2466/1009/327 2468/1011/328 2467/1012/328 2465/1010/327
f 2468/1011/328 2470/1013/329 2469/1014/329 2467/1012/328
f 2470/1013/329 2472/1015/330 2471/1016/330 2469/1014/329
f 2472/1015/330 2474/1017/331 2473/1018/331 2471/1016/330
f 2474/1017/331 2476/1019/332 2475/1020/332 2473/1018/331
f 2476/1019/332 2478/1021/333 2477/1022/333 2475/1020/332
f 2478/1021/333 2480/1023/334 2479/1024/334 2477/1022/333
f 2480/1023/334 2482/1025/335 2481/1026/335 2479/1024/334
f 2482/1025/335 2484/1027/336 2483/1028/336 2481/1026/335
f 2484/1027/336 2486/1029/337 2485/1030/337 2483/1028/336
f 2486/1029/337 2488/1031/338 2487/1032/338 2485/1030/337
f 2488/1031/338 2490/1033/339 2489/1034/339 2487/1032/338
f 2490/1033/339 2492/1035/340 2491/1036/340 2489/1034/339
f 2492/1035/340 2494/1037/341 2493/1038/341 2491/1036/340
f 2494/1037/341 2496/1039/342 2495/1040/342 2493/1038/341
f 2496/1039/342 2498/1041/343 2497/1042/343 2495/1040/342
f 2498/1041/343 2500/1043/344 2499/1044/344 2497/1042/343
f 2500/1043/344 2502/1045/345 2501/1046/345 2499/1044/344
f 2502/1045/345 2504/1047/346 2503/1048/346 2501/1046/345
f 2504/1047/346 2506/1049/347 2505/1050/347 2503/1048/346
f 2506/1049/347 2508/1051/348 2507/1052/348 2505/1050/347
f 2508/1051/348 2510/1053/349 2509/1054/349 2507/1052/348
f 2510/1053/349 2512/1055/350 2511/1056/350 2509/1054/349
f 2512/1055/350 2514/1057/351 2513/1058/351 2511/1056/350
f 2514/1057/351 2516/1059/352 2515/1060/352 2513/1058/351
f 2516/1059/352 2518/1061/353 2517/1062/353 2515/1060/352
f 2518/1061/353 2520/1063/354 2519/1064/354 2517/1062/353
f 2520/1063/354 2522/1065/355 2521/1066/355 2519/1064/354
f 2522/1065/355 2524/1067/356 2523/1068/356 2521/1066/355
f 2524/1067/356 2526/1069/357 2525/1070/357 2523/1068/356
f 2526/1069/357 2528/1071/358 2527/1072/358 2525/1070/357
f 2528/1071/358 2530/1073/359 2529/1074/359 2527/1072/358
f 2530/1073/359 2532/1075/360 2531/1076/360 2529/1074/359
f 2532/1075/360 2534/1077/361 2533/1078/361 2531/1076/360
f 2534/1077/361 2536/1079/362 2535/1080/362 2533/1078/361
f 2536/1079/362 2538/1081/363 2537/1082/363 2535/1080/362
f 2538/1081/363 2540/1083/364 2539/1084/364 2537/1082/363
f 2540/1083/364 2542/1085/365 2541/1086/365 2539/1084/364
f 2542/1085/365 2544/1087/366 2543/1088/366 2541/1086/365
f 2544/1087/366 2546/1089/367 2545/1090/367 2543/1088/366
f 2546/1089/367 2548/1091/368 2547/1092/368 2545/1090/367
f 2548/1091/368 2550/1093/369 2549/1094/369 2547/1092/368
f 2550/1093/369 2552/1095/370 2551/1096/370 2549/1094/369
f 2552/1095/370 2554/1097/371 2553/1098/371 2551/1096/370
f 2554/1097/371 2556/1099/372 2555/1100/372 2553/1098/371
f 2556/1099/372 2558/1101/373 2557/1102/373 2555/1100/372
f 2558/1101/373 2560/1103/374 2559/1104/374 2557/1102/373
f 2560/1103/374 2562/1105/375 2561/1106/375 2559/1104/374
f 2562/1105/375 2564/1107/376 2563/1108/376 2561/1106/375
f 2564/1107/376 2566/1109/377 2565/1110/377 2563/1108/376
f 2566/1109/377 2568/1111/378 2567/1112/378 2565/1110/377
f 2568/1111/378 2570/1113/379 2569/1114/379 2567/1112/378
f 2570/1113/379 2572/1115/380 2571/1116/380 2569/1114/379
f 2572/1115/380 2574/1117/381 2573/1118/381 2571/1116/380
f 2574/1117/381 2576/1119/382 2575/1120/382 2573/1118/381
f 2576/1119/382 2578/1121/383 2577/1122/383 2575/1120/382
f 2578/1121/383 2580/1123/384 2579/1124/384 2577/1122/383
f 2580/1123/384 2582/1125/385 2581/1126/385 2579/1124/384
f 2582/1125/385 2584/1127/386 2583/1128/386 2581/1126/385
f 2584/1127/386 2586/1129/387 2585/1130/387 2583/1128/386
f 2586/1129/387 2588/1131/388 2587/1132/388 2585/1130/387
f 2588/1131/388 2590/1133/389 2589/1134/389 2587/1132/388
f 2590/1133/389 2592/1135/390 2591/1136/390 2589/1134/389
f 2592/1135/390 2594/1137/391 2593/1138/391 2591/1136/390
f 2594/1137/391 2596/1139/392 2595/1140/392 2593/1138/391
f 2596/1139/392 2598/1141/393 2597/1142/393 2595/1140/392
f 2598/1141/393 2600/1143/394 2599/1144/394 2597/1142/393
f 2600/1143/394 2602/1145/395 2601/1146/395 2599/1144/394
f 2602/1145/395 2604/1147/396 2603/1148/396 2601/1146/395
f 2604/1147/396 2606/1149/397 2605/1150/397 2603/1148/396
f 2606/1149/397 2608/1151/398 2607/1152/398 2605/1150/397
f 2608/1151/398 2610/1153/399 2609/1154/399 2607/1152/398
f 2610/1153/399 2612/1155/400 2611/1156/400 2609/1154/399
f 2612/1155/400 2614/1157/401 2613/1158/401 2611/1156/400
f 2614/1157/401 2616/1159/402 2615/1160/402 2613/1158/401
f 2616/1159/402 2618/1161/403 2617/1162/403 2615/1160/402
f 2618/1161/403 2620/1163/404 2619/1164/404 2617/1162/403
f 2620/1163/404 2622/1165/405 2621/1166/405 2619/1164/404
f 2622/1165/405 2624/1167/406 2623/1168/406 2621/1166/405
f 2624/1167/406 2626/1169/407 2625/1170/407 2623/1168/406
f 2626/1169/407 2628/1171/408 2627/1172/408 2625/1170/407
f 2628/1171/408 2630/1173/409 2629/1174/409 2627/1172/408
f 2630/1173/409 2632/1175/410 2631/1176/410 2629/1174/409
f 2632/1175/410 2634/1177/411 2633/1178/411 2631/1176/410
f 2634/1177/411 2636/1179/412 2635/1180/412 2633/1178/411
f 2636/1179/412 2638/1181/413 2637/1182/413 2635/1180/412
f 2638/1181/413 2640/1183/414 2639/1184/414 2637/1182/413
f 2640/1183/414 2642/1185/415 2641/1186/415 2639/1184/414
f 2642/1185/415 2644/1187/416 2643/1188/416 2641/1186/415
f 2644/1187/416 2646/1189/417 2645/1190/417 2643/1188/416
f 2646/1189/417 2648/1191/418 2647/1192/418 2645/1190/417
f 2648/1191/418 2650/1193/419 2649/1194/419 2647/1192/418
f 2650/1193/419 2652/1195/420 2651/1196/420 2649/1194/419
f 2652/1195/420 2654/1197/421 2653/1198/421 2651/1196/420
f 2654/1197/421 2656/1199/422 2655/1200/422 2653/1198/421
f 2656/1199/422 2658/1201/423 2657/1202/423 2655/1200/422
f 2658/1201/423 2660/1203/424 2659/1204/424 2657/1202/423
f 2660/1203/424 2662/1205/425 2661/1206/425 2659/1204/424
f 2662/1205/425 2664/1207/426 2663/1208/426 2661/1206/425
f 2664/1207/426 2666/1209/427 2665/1210/427 2663/1208/426
f 2666/1209/427 2668/1211/428 2667/1212/428 2665/1210/427
f 2668/1211/428 2670/1213/429 2669/1214/429 2667/1212/428
f 2670/1213/429 2672/1215/430 2671/1216/430 2669/1214/429
f 2672/1215/430 2674/1217/431 2673/1218/431 2671/1216/430
f 2674/1217/431 2676/1219/432 2675/1220/432 2673/1218/431
f 2676/1219/432 2678/1221/433 2677/1222/433 2675/1220/432
f 2678/1221/433 2680/1223/434 2679/1224/434 2677/1222/433
f 2680/1223/434 2408/569/298 2407/54/298 2679/1224/434
f 2682/488/435 2684/655/436 2683/656/436 2681/139/435
f 2684/655/436 2686/659/437 2685/660/437 2683/656/436
f 2686/659/437 2688/663/438 2687/664/438 2685/660/437
f 2688/663/438 2690/667/439 2689/668/439 2687/664/438
f 2690/667/439 2692/671/440 2691/672/440 2689/668/439
f 2692/671/440 2694/675/441 2693/676/441 2691/672/440
f 2694/675/441 2696/679/442 2695/680/442 2693/676/441
f 2696/679/442 2698/683/443 2697/684/443 2695/680/442
f 2698/683/443 2700/687/444 2699/688/444 2697/684/443
f 2700/687/444 2702/691/445 2701/692/445 2699/688/444
f 2702/691/445 2704/695/446 2703/696/446 2701/692/445
f 2704/695/446 2706/699/447 2705/700/447 2703/696/446
f 2706/699/447 2708/703/448 2707/704/448 2705/700/447
f 2708/703/448 2710/707/449 2709/708/449 2707/704/448
f 2710/707/449 2712/711/450 2711/712/450 2709/708/449
f 2712/711/450 2714/715/451 2713/716/451 2711/712/450
f 2714/715/451 2716/719/452 2715/720/452 2713/716/451
f 2716/719/452 2718/723/453 2717/724/453 2715/720/452
f 2718/723/453 2720/725/454 2719/726/454 2717/724/453
f 2720/725/454 2722/729/455 2721/730/455 2719/726/454
f 2722/729/455 2724/733/456 2723/734/456 2721/730/455
f 2724/733/456 2726/737/457 2725/738/457 2723/734/456
f 2726/737/457 2728/741/458 2727/742/458 2725/738/457
f 2728/741/458 2730/745/459 2729/746/459 2727/742/458
f 2730/745/459 2732/749/460 2731/750/460 2729/746/459
f 2732/749/460 2734/753/461 2733/754/461 2731/750/460
f 2734/753/461 2736/757/462 2735/758/462 2733/754/461
f 2736/757/462 2738/761/463 2737/762/463 2735/758/462
f 2738/761/463 2740/765/464 2739/766/464 2737/762/463
f 2740/765/464 2742/769/465 2741/770/465 2739/766/464
f 2742/769/465 2744/773/466 2743/774/466 2741/770/465
f 2744/773/466 2746/777/467 2745/778/467 2743/774/466
f 2746/777/467 2748/781/468 2747/782/468 2745/778/467
f 2748/781/468 2750/785/469 2749/786/469 2747/782/468
f 2750/785/469 2752/789/470 2751/790/470 2749/786/469
f 2752/789/470 2754/793/471 2753/794/471 2751/790/470
f 2754/793/471 2682/569/435 2681/54/435 2753/794/471
f 2756/488/41 2758/1225/472 2757/1226/472 2755/139/41
f 2758/1225/472 2760/1227/473 2759/1228/473 2757/1226/472
f 2760/1227/473 2762/1229/474 2761/1230/474 2759/1228/473
f 2762/1229/474 2764/1231/475 2763/1232/475 2761/1230/474
f 2764/1231/475 2766/1233/476 2765/1234/476 2763/1232/475
f 2766/1233/476 2768/1235/477 2767/1236/477 2765/1234/476
f 2768/1235/477 2770/1237/478 2769/1238/478 2767/1236/477
f 2770/1237/478 2772/1239/479 2771/1240/479 2769/1238/478
f 2772/1239/479 2774/1241/480 2773/1242/480 2771/1240/479
f 2774/1241/480 2776/1243/481 2775/1244/481 2773/1242/480
f 2776/1243/481 2778/805/482 2777/430/482 2775/1244/481
f 2778/805/482 2780/1245/483 2779/1246/483 2777/430/482
f 2780/1245/483 2782/1247/484 2781/1248/484 2779/1246/483
f 2782/1247/484 2784/1249/485 2783/1250/485 2781/1248/484
f 2784/1249/485 2786/1251/486 2785/1252/486 2783/1250/485
f 2786/1251/486 2788/1253/487 2787/1254/487 2785/1252/486
f 2788/1253/487 2790/1255/488 2789/1256/488 2787/1254/487
f 2790/1255/488 2792/1257/489 2791/1258/489 2789/1256/488
f 2792/1257/489 2794/1259/490 2793/1260/490 2791/1258/489
f 2794/1259/490 2796/1261/491 2795/1262/491 2793/1260/490
f 2796/1261/491 2798/1263/492 2797/1264/492 2795/1262/491
f 2798/1263/492 2800/814/493 2799/382/493 2797/1264/492
f 2800/814/493 2802/1265/494 2801/1266/494 2799/382/493
f 2802/1265/494 2804/1267/495 2803/1268/495 2801/1266/494
f 2804/1267/495 2806/1269/496 2805/1270/496 2803/1268/495
f 2806/1269/496 2808/1271/497 2807/1272/497 2805/1270/496
f 2808/1271/497 2810/1273/498 2809/1274/498 2807/1272/497
f 2810/1273/498 2812/1275/499 2811/1276/499 2809/1274/498
f 2812/1275/499 2814/1277/500 2813/1278/500 2811/1276/499
f 2814/1277/500 2816/1279/501 2815/1280/501 2813/1278/500
f 2816/1279/501 2818/1281/502 2817/1282/502 2815/1280/501
f 2818/1281/502 2820/1283/503 2819/1284/503 2817/1282/502
f 2820/1283/503 2822/823/504 2821/440/504 2819/1284/503
f 2822/823/504 2824/1285/505 2823/1286/505 2821/440/504
f 2824/1285/505 2826/1287/506 2825/1288/506 2823/1286/505
f 2826/1287/506 2828/1289/507 2827/1290/507 2825/1288/506
f 2828/1289/507 2830/1291/508 2829/1292/508 2827/1290/507
f 2830/1291/508 2832/1293/509 2831/1294/509 2829/1292/508
f 2832/1293/509 2834/1295/510 2833/1296/510 2831/1294/509
f 2834/1295/510 2836/1297/511 2835/1298/511 2833/1296/510
f 2836/1297/511 2838/1299/512 2837/1300/512 2835/1298/511
f 2838/1299/512 2840/1301/513 2839/1302/513 2837/1300/512
f 2840/1301/513 2842/1303/514 2841/1304/514 2839/1302/513
f 2842/1303/514 2844/832/515 2843/405/515 2841/1304/514
f 2844/832/515 2846/1305/516 2845/1306/516 2843/405/515
f 2846/1305/516 2848/1307/517 2847/1308/517 2845/1306/516
f 2848/1307/517 2850/1309/518 2849/1310/518 2847/1308/517
f 2850/1309/518 2852/1311/519 2851/1312/519 2849/1310/518
f 2852/1311/519 2854/1313/520 2853/1314/520 2851/1312/519
f 2854/1313/520 2856/1315/521 2855/1316/521 2853/1314/520
f 2856/1315/521 2858/1317/146 2857/1318/146 2855/1316/521
f 2858/1317/146 2860/1319/145 2859/1320/145 2857/1318/146
f 2860/1319/145 2862/1321/40 2861/1322/40 2859/1320/145
f 2862/1321/40 2864/1323/41 2863/1324/41 2861/1322/40
f 2864/1323/41 2756/569/41 2755/54/41 2863/1324/41
f 2866/488/298 2868/953/299 2867/954/299 2865/139/298
f 2868/953/299 2870/955/300 2869/956/300 2867/954/299
f 2870/955/300 2872/957/301 2871/958/301 2869/956/300
f 2872/957/301 2874/959/302 2873/960/302 2871/958/301
f 2874/959/302 2876/961/303 2875/962/303 2873/960/302
f 2876/961/303 2878/963/304 2877/964/304 2875/962/303
f 2878/963/304 2880/965/305 2879/966/305 2877/964/304
f 2880/965/305 2882/967/306 2881/968/306 2879/966/305
f 2882/967/306 2884/969/307 2883/970/307 2881/968/306
f 2884/969/307 2886/971/308 2885/972/308 2883/970/307
f 2886/971/308 2888/973/309 2887/974/309 2885/972/308
f 2888/973/309 2890/975/310 2889/976/310 2887/974/309
f 2890/975/310 2892/977/311 2891/978/311 2889/976/310
f 2892/977/311 2894/979/312 2893/980/312 2891/978/311
f 2894/979/312 2896/981/313 2895/982/313 2893/980/312
f 2896/981/313 2898/983/314 2897/984/314 2895/982/313
f 2898/983/314 2900/985/315 2899/986/315 2897/984/314
f 2900/985/315 2902/987/316 2901/988/316 2899/986/315
f 2902/987/316 2904/989/317 2903/990/317 2901/988/316
f 2904/989/317 2906/991/318 2905/992/318 2903/990/317
f 2906/991/318 2908/993/319 2907/994/319 2905/992/318
f 2908/993/319 2910/995/320 2909/996/320 2907/994/319
f 2910/995/320 2912/997/321 2911/998/321 2909/996/320
f 2912/997/321 2914/999/322 2913/1000/322 2911/998/321
f 2914/999/322 2916/1001/323 2915/1002/323 2913/1000/322
f 2916/1001/323 2918/1003/324 2917/1004/324 2915/1002/323
f 2918/1003/324 2920/1005/325 2919/1006/325 2917/1004/324
f 2920/1005/325 2922/1007/326 2921/1008/326 2919/1006/325
f 2922/1007/326 2924/1009/327 2923/1010/327 2921/1008/326
f 2924/1009/327 2926/1011/328 2925/1012/328 2923/1010/327
f 2926/1011/328 2928/1013/329 2927/1014/329 2925/1012/328
f 2928/1013/329 2930/1015/330 2929/1016/330 2927/1014/329
f 2930/1015/330 2932/1017/331 2931/1018/331 2929/1016/330
f 2932/1017/331 2934/1019/332 2933/1020/332 2931/1018/331
f 2934/1019/332 2936/1021/333 2935/1022/333 2933/1020/332
f 2936/1021/333 2938/1023/334 2937/1024/334 2935/1022/333
f 2938/1023/334 2940/1025/335 2939/1026/335 2937/1024/334
f 2940/1025/335 2942/1027/336 2941/1028/336 2939/1026/335
f 2942/1027/336 2944/1029/337 2943/1030/337 2941/1028/336
f 2944/1029/337 2946/1031/338 2945/1032/338 2943/1030/337
f 2946/1031/338 2948/1033/339 2947/1034/339 2945/1032/338
f 2948/1033/339 2950/1035/340 2949/1036/340 2947/1034/339
f 2950/1035/340 2952/1037/341 2951/1038/341 2949/1036/340
f 2952/1037/341 2954/1039/342 2953/1040/342 2951/1038/341
f 2954/1039/342 2956/1041/343 2955/1042/343 2953/1040/342
f 2956/1041/343 2958/1043/344 2957/1044/344 2955/1042/343
f 2958/1043/344 2960/1045/345 2959/1046/345 2957/1044/344
f 2960/1045/345 2962/1047/346 2961/1048/346 2959/1046/345
f 2962/1047/346 2964/1049/347 2963/1050/347 2961/1048/346
f 2964/1049/347 2966/1051/348 2965/1052/348 2963/1050/347
f 2966/1051/348 2968/1053/349 2967/1054/349 2965/1052/348
f 2968/1053/349 2970/1055/350 2969/1056/350 2967/1054/349
f 2970/1055/350 2972/1057/351 2971/1058/351 2969/1056/350
f 2972/1057/351 2974/1059/352 2973/1060/352 2971/1058/351
f 2974/1059/352 2976/1061/353 2975/1062/353 2973/1060/352
f 2976/1061/353 2978/1063/354 2977/1064/354 2975/1062/353
f 2978/1063/354 2980/1065/355 2979/1066/355 2977/1064/354
f 2980/1065/355 2982/1067/356 2981/1068/356 2979/1066/355
f 2982/1067/356 2984/1069/357 2983/1070/357 2981/1068/356
f 2984/1069/357 2986/1071/358 2985/1072/358 2983/1070/357
f 2986/1071/358 2988/1073/359 2987/1074/359 2985/1072/358
f 2988/1073/359 2990/1075/360 2989/1076/360 2987/1074/359
f 2990/1075/360 2992/1077/361 2991/1078/361 2989/1076/360
f 2992/1077/361 2994/1079/362 2993/1080/362 2991/1078/361
f 2994/1079/362 2996/1081/363 2995/1082/363 2993/1080/362
f 2996/1081/363 2998/1083/364 2997/1084/364 2995/1082/363
f 2998/1083/364 3000/1085/365 2999/1086/365 2997/1084/364
f 3000/1085/365 3002/1087/366 3001/1088/366 2999/1086/365
f 3002/1087/366 3004/1089/367 3003/1090/367 3001/1088/366
f 3004/1089/367 3006/1091/368 3005/1092/368 3003/1090/367
f 3006/1091/368 3008/1093/369 3007/1094/369 3005/1092/368
f 3008/1093/369 3010/1095/370 3009/1096/370 3007/1094/369
f 3010/1095/370 3012/1097/371 3011/1098/371 3009/1096/370
f 3012/1097/371 3014/1099/372 3013/1100/372 3011/1098/371
f 3014/1099/372 3016/1101/373 3015/1102/373 3013/1100/372
f 3016/1101/373 3018/1103/374 3017/1104/374 3015/1102/373
f 3018/1103/374 3020/1105/375 3019/1106/375 3017/1104/374
f 3020/1105/375 3022/1107/376 3021/1108/376 3019/1106/375
f 3022/1107/376 3024/1109/377 3023/1110/377 3021/1108/376
f 3024/1109/377 3026/1111/378 3025/1112/378 3023/1110/377
f 3026/1111/378 3028/1113/379 3027/1114/379 3025/1112/378
f 3028/1113/379 3030/1115/380 3029/1116/380 3027/1114/379
f 3030/1115/380 3032/1117/381 3031/1118/381 3029/1116/380
f 3032/1117/381 3034/1119/382 3033/1120/382 3031/1118/381
f 3034/1119/382 3036/1121/383 3035/1122/383 3033/1120/382
f 3036/1121/383 3038/1123/384 3037/1124/384 3035/1122/383
f 3038/1123/384 3040/1125/385 3039/1126/385 3037/1124/384
f 3040/1125/385 3042/1127/386 3041/1128/386 3039/1126/385
f 3042/1127/386 3044/1129/387 3043/1130/387 3041/1128/386
f 3044/1129/387 3046/1131/388 3045/1132/388 3043/1130/387
f 3046/1131/388 3048/1133/389 3047/1134/389 3045/1132/388
f 3048/1133/389 3050/1135/390 3049/1136/390 3047/1134/389
f 3050/1135/390 3052/1137/391 3051/1138/391 3049/1136/390
f 3052/1137/391 3054/1139/392 3053/1140/392 3051/1138/391
f 3054/1139/392 3056/1141/393 3055/1142/393 3053/1140/392
f 3056/1141/393 3058/1143/394 3057/1144/394 3055/1142/393
f 3058/1143/394 3060/1145/395 3059/1146/395 3057/1144/394
f 3060/1145/395 3062/1147/396 3061/1148/396 3059/1146/395
f 3062/1147/396 3064/1149/397 3063/1150/397 3061/1148/396
f 3064/1149/397 3066/1151/398 3065/1152/398 3063/1150/397
f 3066/1151/398 3068/1153/399 3067/1154/399 3065/1152/398
f 3068/1153/399 3070/1155/400 3069/1156/400 3067/1154/399
f 3070/1155/400 3072/1157/401 3071/1158/401 3069/1156/400
f 3072/1157/401 3074/1159/402 3073/1160/402 3071/1158/401
f 3074/1159/402 3076/1161/403 3075/1162/403 3073/1160/402
f 3076/1161/403 3078/1163/404 3077/1164/404 3075/1162/403
f 3078/1163/404 3080/1165/405 3079/1166/405 3077/1164/404
f 3080/1165/405 3082/1167/406 3081/1168/406 3079/1166/405
f 3082/1167/406 3084/1169/407 3083/1170/407 3081/1168/406
f 3084/1169/407 3086/1171/408 3085/1172/408 3083/1170/407
f 3086/1171/408 3088/1173/409 3087/1174/409 3085/1172/408
f 3088/1173/409 3090/1175/410 3089/1176/410 3087/1174/409
f 3090/1175/410 3092/1177/411 3091/1178/411 3089/1176/410
f 3092/1177/411 3094/1179/412 3093/1180/412 3091/1178/411
f 3094/1179/412 3096/1181/522 3095/1182/522 3093/1180/412
f 3096/1181/522 3098/1183/414 3097/1184/414 3095/1182/522
f 3098/1183/414 3100/1185/523 3099/1186/523 3097/1184/414
f 3100/1185/523 3102/1187/524 3101/1188/524 3099/1186/523
f 3102/1187/524 3104/1189/417 3103/1190/417 3101/1188/524
f 3104/1189/417 3106/1191/418 3105/1192/418 3103/1190/417
f 3106/1191/418 3108/1193/419 3107/1194/419 3105/1192/418
f 3108/1193/419 3110/1195/420 3109/1196/420 3107/1194/419
f 3110/1195/420 3112/1197/421 3111/1198/421 3109/1196/420
f 3112/1197/421 3114/1199/422 3113/1200/422 3111/1198/421
f 3114/1199/422 3116/1201/423 3115/1202/423 3113/1200/422
f 3116/1201/423 3118/1203/424 3117/1204/424 3115/1202/423
f 3118/1203/424 3120/1205/525 3119/1206/525 3117/1204/424
f 3120/1205/525 3122/1207/426 3121/1208/426 3119/1206/525
f 3122/1207/426 3124/1209/427 3123/1210/427 3121/1208/426
f 3124/1209/427 3126/1211/428 3125/1212/428 3123/1210/427
f 3126/1211/428 3128/1213/429 3127/1214/429 3125/1212/428
f 3128/1213/429 3130/1215/430 3129/1216/430 3127/1214/429
f 3130/1215/430 3132/1217/431 3131/1218/431 3129/1216/430
f 3132/1217/431 3134/1219/432 3133/1220/432 3131/1218/431
f 3134/1219/432 3136/1221/433 3135/1222/433 3133/1220/432
f 3136/1221/433 3138/1223/434 3137/1224/434 3135/1222/433
f 3138/1223/434 2866/569/298 2865/54/298 3137/1224/434
f 3140/488/435 3142/655/436 3141/656/436 3139/139/435
f 3142/655/436 3144/659/437 3143/660/437 3141/656/436
f 3144/659/437 3146/663/438 3145/664/438 3143/660/437
f 3146/663/438 3148/667/439 3147/668/439 3145/664/438
f 3148/667/439 3150/671/440 3149/672/440 3147/668/439
f 3150/671/440 3152/675/441 3151/676/441 3149/672/440
f 3152/675/441 3154/679/442 3153/680/442 3151/676/441
f 3154/679/442 3156/683/443 3155/684/443 3153/680/442
f 3156/683/443 3158/687/444 3157/688/444 3155/684/443
f 3158/687/444 3160/691/445 3159/692/445 3157/688/444
f 3160/691/445 3162/695/446 3161/696/446 3159/692/445
f 3162/695/446 3164/699/447 3163/700/447 3161/696/446
f 3164/699/447 3166/703/526 3165/704/526 3163/700/447
f 3166/703/526 3168/707/449 3167/708/449 3165/704/526
f 3168/707/449 3170/711/450 3169/712/450 3167/708/449
f 3170/711/450 3172/715/527 3171/716/527 3169/712/450
f 3172/715/527 3174/719/452 3173/720/452 3171/716/527
f 3174/719/452 3176/723/453 3175/724/453 3173/720/452
f 3176/723/453 3178/725/454 3177/726/454 3175/724/453
f 3178/725/454 3180/729/455 3179/730/455 3177/726/454
f 3180/729/455 3182/733/456 3181/734/456 3179/730/455
f 3182/733/456 3184/737/457 3183/738/457 3181/734/456
f 3184/737/457 3186/741/458 3185/742/458 3183/738/457
f 3186/741/458 3188/745/459 3187/746/459 3185/742/458
f 3188/745/459 3190/749/460 3189/750/460 3187/746/459
f 3190/749/460 3192/753/461 3191/754/461 3189/750/460
f 3192/753/461 3194/757/462 3193/758/462 3191/754/461
f 3194/757/462 3196/761/463 3195/762/463 3193/758/462
f 3196/761/463 3198/765/464 3197/766/464 3195/762/463
f 3198/765/464 3200/769/465 3199/770/465 3197/766/464
f 3200/769/465 3202/773/466 3201/774/466 3199/770/465
f 3202/773/466 3204/777/467 3203/778/467 3201/774/466
f 3204/777/467 3206/781/468 3205/782/468 3203/778/467
f 3206/781/468 3208/785/469 3207/786/469 3205/782/468
f 3208/785/469 3210/789/470 3209/790/470 3207/786/469
f 3210/789/470 3212/793/471 3211/794/471 3209/790/470
f 3212/793/471 3140/569/435 3139/54/435 3211/794/471
